fdate,cik,findexdate,form,coname,fsize,doccount,sec_full_path
1994-01-21,0000732712,1994-03-31,8-K,BELL ATLANTIC CORP,3399.0,1.0,https://www.sec.gov/Archives/edgar/data/732712/0000950133-94-000018.txt
1994-02-01,0000732712,1994-03-31,8-K,BELL ATLANTIC CORP,2923.0,1.0,https://www.sec.gov/Archives/edgar/data/732712/0000950172-94-000010.txt
1994-02-09,0000732712,1994-03-31,8-K,BELL ATLANTIC CORP,18580.0,2.0,https://www.sec.gov/Archives/edgar/data/732712/0000893220-94-000061.txt
1994-02-14,0000732712,1994-03-31,8-K,BELL ATLANTIC CORP,2930.0,1.0,https://www.sec.gov/Archives/edgar/data/732712/0000893220-94-000079.txt
1994-02-24,0000732712,1994-03-31,8-K,BELL ATLANTIC CORP,3196.0,1.0,https://www.sec.gov/Archives/edgar/data/732712/0000893220-94-000108.txt
1994-03-23,0000732712,1994-03-31,8-K,BELL ATLANTIC CORP,6014.0,2.0,https://www.sec.gov/Archives/edgar/data/732712/0000732712-94-000006.txt
1994-03-31,0000732712,1994-03-31,10-K,BELL ATLANTIC CORP,533905.0,17.0,https://www.sec.gov/Archives/edgar/data/732712/0000950109-94-000587.txt
1994-04-22,0000732712,1994-06-30,8-K,BELL ATLANTIC CORP,13572.0,2.0,https://www.sec.gov/Archives/edgar/data/732712/0000732712-94-000009.txt
1994-05-13,0000732712,1994-06-30,10-Q,BELL ATLANTIC CORP,67565.0,3.0,https://www.sec.gov/Archives/edgar/data/732712/0000950109-94-000824.txt
1994-07-21,0000732712,1994-07-21,8-K,BELL ATLANTIC CORP,17411.0,2.0,https://www.sec.gov/Archives/edgar/data/732712/0000732712-94-000014.txt
1994-08-15,0000732712,1994-08-15,10-Q,BELL ATLANTIC CORP,97311.0,3.0,https://www.sec.gov/Archives/edgar/data/732712/0000950109-94-001534.txt
1994-10-21,0000732712,1994-10-21,8-K,BELL ATLANTIC CORP,17363.0,2.0,https://www.sec.gov/Archives/edgar/data/732712/0000732712-94-000017.txt
1994-11-14,0000732712,1994-11-14,10-Q,BELL ATLANTIC CORP,106564.0,4.0,https://www.sec.gov/Archives/edgar/data/732712/0000950109-94-002093.txt
1995-01-25,0000732712,1995-01-25,8-K,BELL ATLANTIC CORP,25182.0,2.0,https://www.sec.gov/Archives/edgar/data/732712/0000732712-95-000004.txt
1995-04-25,0000732712,1995-04-25,8-K,BELL ATLANTIC CORP,17108.0,2.0,https://www.sec.gov/Archives/edgar/data/732712/0000732712-95-000009.txt
1995-05-12,0000732712,1995-05-12,10-Q,BELL ATLANTIC CORP,85886.0,4.0,https://www.sec.gov/Archives/edgar/data/732712/0000950109-95-001850.txt
1995-07-24,0000732712,1995-07-24,8-K,BELL ATLANTIC CORP,20230.0,2.0,https://www.sec.gov/Archives/edgar/data/732712/0000732712-95-000016.txt
1995-08-11,0000732712,1995-08-11,10-Q,BELL ATLANTIC CORP,103662.0,4.0,https://www.sec.gov/Archives/edgar/data/732712/0000950109-95-003097.txt
1995-10-23,0000732712,1995-10-23,8-K,BELL ATLANTIC CORP,21952.0,2.0,https://www.sec.gov/Archives/edgar/data/732712/0000732712-95-000022.txt
1995-11-13,0000732712,1995-11-13,10-Q,BELL ATLANTIC CORP,109735.0,4.0,https://www.sec.gov/Archives/edgar/data/732712/0000950109-95-004576.txt
1996-01-23,0000732712,1996-01-23,8-K,BELL ATLANTIC CORP,8393.0,1.0,https://www.sec.gov/Archives/edgar/data/732712/0000732712-96-000002.txt
1996-01-24,0000732712,1996-01-24,8-K,BELL ATLANTIC CORP,25457.0,2.0,https://www.sec.gov/Archives/edgar/data/732712/0000732712-96-000004.txt
1996-04-18,0000732712,1996-04-18,8-K,BELL ATLANTIC CORP,19201.0,1.0,https://www.sec.gov/Archives/edgar/data/732712/0000732712-96-000008.txt
1996-04-23,0000732712,1996-04-23,8-K,BELL ATLANTIC CORP,271811.0,3.0,https://www.sec.gov/Archives/edgar/data/732712/0000950109-96-002314.txt
1996-05-09,0000732712,1996-05-09,10-Q,BELL ATLANTIC CORP,80537.0,4.0,https://www.sec.gov/Archives/edgar/data/732712/0000950109-96-002860.txt
1996-07-03,0000732712,1996-07-03,8-K,BELL ATLANTIC CORP,259497.0,2.0,https://www.sec.gov/Archives/edgar/data/732712/0000950109-96-004286.txt
1996-07-18,0000732712,1996-07-18,8-K,BELL ATLANTIC CORP,20699.0,1.0,https://www.sec.gov/Archives/edgar/data/732712/0000732712-96-000010.txt
1996-08-09,0000732712,1996-08-09,10-Q,BELL ATLANTIC CORP,95256.0,4.0,https://www.sec.gov/Archives/edgar/data/732712/0000950109-96-005028.txt
1996-10-21,0000732712,1996-10-21,8-K,BELL ATLANTIC CORP,20519.0,1.0,https://www.sec.gov/Archives/edgar/data/732712/0000732712-96-000012.txt
1996-11-08,0000732712,1996-11-08,10-Q,BELL ATLANTIC CORP,96604.0,4.0,https://www.sec.gov/Archives/edgar/data/732712/0000950109-96-007241.txt
1997-01-22,0000732712,1997-01-22,8-K,BELL ATLANTIC CORP,31590.0,1.0,https://www.sec.gov/Archives/edgar/data/732712/0000732712-97-000002.txt
1997-03-25,0000732712,1997-03-25,10-K,BELL ATLANTIC CORP,713054.0,20.0,https://www.sec.gov/Archives/edgar/data/732712/0000950109-97-002420.txt
1997-04-21,0000732712,1997-04-21,8-K,BELL ATLANTIC CORP,20465.0,1.0,https://www.sec.gov/Archives/edgar/data/732712/0000732712-97-000005.txt
1997-05-12,0000732712,1997-05-12,10-Q,BELL ATLANTIC CORP,102015.0,4.0,https://www.sec.gov/Archives/edgar/data/732712/0000950109-97-003891.txt
1997-07-22,0000732712,1997-07-22,8-K,BELL ATLANTIC CORP,21945.0,1.0,https://www.sec.gov/Archives/edgar/data/732712/0000732712-97-000007.txt
1997-07-24,0000732712,1997-07-24,10-Q,BELL ATLANTIC CORP,110562.0,4.0,https://www.sec.gov/Archives/edgar/data/732712/0001036050-97-000510.txt
1997-08-15,0000732712,1997-08-15,8-K,BELL ATLANTIC CORP,125127.0,5.0,https://www.sec.gov/Archives/edgar/data/732712/0001036050-97-000673.txt
1997-10-23,0000732712,1997-10-23,8-K,BELL ATLANTIC CORP,120558.0,3.0,https://www.sec.gov/Archives/edgar/data/732712/0001036050-97-000883.txt
1997-11-14,0000732712,1997-11-14,10-Q,BELL ATLANTIC CORP,241119.0,9.0,https://www.sec.gov/Archives/edgar/data/732712/0001036050-97-001036.txt
1997-12-22,0000732712,1997-12-22,8-K,BELL ATLANTIC CORP,6493.0,2.0,https://www.sec.gov/Archives/edgar/data/732712/0000950109-97-007685.txt
1997-12-22,0000732712,1997-12-22,8-K,BELL ATLANTIC CORP,6071.0,1.0,https://www.sec.gov/Archives/edgar/data/732712/0000950109-97-007687.txt
1998-01-22,0000732712,1998-01-22,8-K,BELL ATLANTIC CORP,86410.0,3.0,https://www.sec.gov/Archives/edgar/data/732712/0000950109-98-000292.txt
1998-03-13,0000732712,1998-03-13,8-K,BELL ATLANTIC CORP,277500.0,7.0,https://www.sec.gov/Archives/edgar/data/732712/0001036050-98-000367.txt
1998-03-25,0000732712,1998-03-25,10-K,BELL ATLANTIC CORP,142684.0,12.0,https://www.sec.gov/Archives/edgar/data/732712/0000950109-98-002102.txt
1998-04-24,0000732712,1998-04-24,8-K,BELL ATLANTIC CORP,61187.0,3.0,https://www.sec.gov/Archives/edgar/data/732712/0000950109-98-002711.txt
1998-05-04,0000732712,1998-05-04,8-K,BELL ATLANTIC CORP,7230.0,2.0,https://www.sec.gov/Archives/edgar/data/732712/0000950109-98-002940.txt
1998-05-11,0000732712,1998-05-11,10-Q,BELL ATLANTIC CORP,91925.0,3.0,https://www.sec.gov/Archives/edgar/data/732712/0000950109-98-003088.txt
1998-07-24,0000732712,1998-07-24,8-K,BELL ATLANTIC CORP,76017.0,2.0,https://www.sec.gov/Archives/edgar/data/732712/0001036050-98-001210.txt
1998-07-30,0000732712,1998-07-30,8-K,BELL ATLANTIC CORP,346398.0,5.0,https://www.sec.gov/Archives/edgar/data/732712/0000950172-98-000725.txt
1998-08-04,0000732712,1998-08-04,8-K,BELL ATLANTIC CORP,7699.0,2.0,https://www.sec.gov/Archives/edgar/data/732712/0000950109-98-004043.txt
1998-08-13,0000732712,1998-08-13,10-Q,BELL ATLANTIC CORP,470093.0,14.0,https://www.sec.gov/Archives/edgar/data/732712/0000950109-98-004227.txt
1998-10-14,0000732712,1998-10-14,8-K,BELL ATLANTIC CORP,8798.0,2.0,https://www.sec.gov/Archives/edgar/data/732712/0001036050-98-001696.txt
1998-10-22,0000732712,1998-10-22,8-K,BELL ATLANTIC CORP,83137.0,2.0,https://www.sec.gov/Archives/edgar/data/732712/0001036050-98-001741.txt
1998-10-29,0000732712,1998-10-29,8-K,BELL ATLANTIC CORP,5717.0,2.0,https://www.sec.gov/Archives/edgar/data/732712/0000950146-98-001776.txt
1998-10-29,0000732712,1998-10-29,8-K,BELL ATLANTIC CORP,5790.0,2.0,https://www.sec.gov/Archives/edgar/data/732712/0000950146-98-001777.txt
1998-10-29,0000732712,1998-10-29,8-K,BELL ATLANTIC CORP,5774.0,2.0,https://www.sec.gov/Archives/edgar/data/732712/0000950146-98-001778.txt
1998-10-29,0000732712,1998-10-29,8-K,BELL ATLANTIC CORP,4647.0,1.0,https://www.sec.gov/Archives/edgar/data/732712/0001036050-98-001806.txt
1998-11-10,0000732712,1998-11-10,10-Q,BELL ATLANTIC CORP,161821.0,3.0,https://www.sec.gov/Archives/edgar/data/732712/0001036050-98-001876.txt
1999-01-04,0000732712,1999-01-04,8-K,BELL ATLANTIC CORP,5594.0,2.0,https://www.sec.gov/Archives/edgar/data/732712/0001036050-99-000008.txt
1999-01-19,0000732712,1999-01-19,8-K,BELL ATLANTIC CORP,6900.0,2.0,https://www.sec.gov/Archives/edgar/data/732712/0001036050-99-000059.txt
1999-01-28,0000732712,1999-01-28,8-K,BELL ATLANTIC CORP,83999.0,2.0,https://www.sec.gov/Archives/edgar/data/732712/0000950109-99-000254.txt
1999-03-30,0000732712,1999-03-30,10-K,BELL ATLANTIC CORP,834386.0,19.0,https://www.sec.gov/Archives/edgar/data/732712/0000950109-99-001134.txt
1999-04-23,0000732712,1999-04-23,8-K,BELL ATLANTIC CORP,59758.0,2.0,https://www.sec.gov/Archives/edgar/data/732712/0001036050-99-000853.txt
1999-04-28,0000732712,1999-04-28,8-K,BELL ATLANTIC CORP,5421.0,1.0,https://www.sec.gov/Archives/edgar/data/732712/0001036050-99-000888.txt
1999-05-10,0000732712,1999-05-10,8-K,BELL ATLANTIC CORP,15613.0,3.0,https://www.sec.gov/Archives/edgar/data/732712/0001036050-99-000991.txt
1999-05-12,0000732712,1999-05-12,10-Q,BELL ATLANTIC CORP,135204.0,3.0,https://www.sec.gov/Archives/edgar/data/732712/0001036050-99-001035.txt
1999-07-22,0000732712,1999-07-22,8-K,BELL ATLANTIC CORP,76602.0,2.0,https://www.sec.gov/Archives/edgar/data/732712/0001036050-99-001501.txt
1999-08-11,0000732712,1999-08-11,10-Q,BELL ATLANTIC CORP,173083.0,3.0,https://www.sec.gov/Archives/edgar/data/732712/0001036050-99-001679.txt
1999-08-26,0000732712,1999-08-26,8-K,BELL ATLANTIC CORP,32677.0,2.0,https://www.sec.gov/Archives/edgar/data/732712/0001036050-99-001818.txt
1999-09-13,0000732712,1999-09-13,8-K,BELL ATLANTIC CORP,6024.0,2.0,https://www.sec.gov/Archives/edgar/data/732712/0001036050-99-001890.txt
1999-09-22,0000732712,1999-09-22,8-K,BELL ATLANTIC CORP,23639.0,2.0,https://www.sec.gov/Archives/edgar/data/732712/0001036050-99-001931.txt
1999-10-07,0000732712,1999-10-07,8-K,BELL ATLANTIC CORP,12217.0,2.0,https://www.sec.gov/Archives/edgar/data/732712/0001036050-99-002020.txt
1999-10-21,0000732712,1999-10-21,8-K,BELL ATLANTIC CORP,75347.0,2.0,https://www.sec.gov/Archives/edgar/data/732712/0001036050-99-002140.txt
1999-11-10,0000732712,1999-11-10,10-Q,BELL ATLANTIC CORP,965422.0,4.0,https://www.sec.gov/Archives/edgar/data/732712/0001036050-99-002296.txt
1999-11-17,0000732712,1999-11-17,8-K,BELL ATLANTIC CORP,3478.0,1.0,https://www.sec.gov/Archives/edgar/data/732712/0001036050-99-002408.txt
1999-11-23,0000732712,1999-11-23,8-K,BELL ATLANTIC CORP,5648.0,2.0,https://www.sec.gov/Archives/edgar/data/732712/0001036050-99-002439.txt
1999-12-22,0000732712,1999-12-22,8-K,BELL ATLANTIC CORP,11820.0,2.0,https://www.sec.gov/Archives/edgar/data/732712/0001036050-99-002537.txt
1999-12-28,0000732712,1999-12-28,8-K,BELL ATLANTIC CORP,88128.0,3.0,https://www.sec.gov/Archives/edgar/data/732712/0000950134-99-011436.txt
2000-01-25,0000732712,2000-01-25,8-K,BELL ATLANTIC CORP,83439.0,2.0,https://www.sec.gov/Archives/edgar/data/732712/0001021408-00-000280.txt
2000-02-15,0000732712,2000-02-15,8-K,BELL ATLANTIC CORP,20405.0,2.0,https://www.sec.gov/Archives/edgar/data/732712/0001036050-00-000200.txt
2000-03-01,0000732712,2000-03-01,8-K,BELL ATLANTIC CORP,6856.0,2.0,https://www.sec.gov/Archives/edgar/data/732712/0001036050-00-000287.txt
2000-04-05,0000732712,2000-04-05,8-K,BELL ATLANTIC CORP,13420.0,3.0,https://www.sec.gov/Archives/edgar/data/732712/0001036050-00-000555.txt
2000-04-17,0000732712,2000-04-17,8-K,BELL ATLANTIC CORP,6437.0,1.0,https://www.sec.gov/Archives/edgar/data/732712/0001036050-00-000639.txt
2000-04-26,0000732712,2000-04-26,8-K,BELL ATLANTIC CORP,62064.0,2.0,https://www.sec.gov/Archives/edgar/data/732712/0001036050-00-000707.txt
2000-05-12,0000732712,2000-05-12,10-Q,BELL ATLANTIC CORP,157235.0,4.0,https://www.sec.gov/Archives/edgar/data/732712/0000950109-00-002156.txt
2000-06-30,0000732712,2000-06-30,8-K,BELL ATLANTIC CORP,90829.0,6.0,https://www.sec.gov/Archives/edgar/data/732712/0000950134-00-005461.txt
2000-07-21,0000732712,2000-07-21,8-K,BELL ATLANTIC CORP,11562.0,2.0,https://www.sec.gov/Archives/edgar/data/732712/0000950134-00-005844.txt
2000-08-08,0000732712,2000-08-08,8-K,BELL ATLANTIC CORP,14904.0,2.0,https://www.sec.gov/Archives/edgar/data/732712/0001036050-00-001423.txt
2000-08-14,0000732712,2000-08-14,10-Q,BELL ATLANTIC CORP,240134.0,3.0,https://www.sec.gov/Archives/edgar/data/732712/0000950134-00-007067.txt
2000-08-29,0000732712,2000-08-29,8-K,BELL ATLANTIC CORP,25258.0,4.0,https://www.sec.gov/Archives/edgar/data/732712/0000950134-00-007474.txt
2000-09-08,0000732712,2000-09-08,8-K,BELL ATLANTIC CORP,9164.0,3.0,https://www.sec.gov/Archives/edgar/data/732712/0000950134-00-007702.txt
2000-11-14,0000732712,2000-11-14,10-Q,VERIZON COMMUNICATIONS INC,1179779.0,10.0,https://www.sec.gov/Archives/edgar/data/732712/0000950134-00-009772.txt
2000-11-30,0000732712,2000-11-30,8-K,VERIZON COMMUNICATIONS INC,10786.0,2.0,https://www.sec.gov/Archives/edgar/data/732712/0000950134-00-010188.txt
2001-02-01,0000732712,2001-02-01,8-K,VERIZON COMMUNICATIONS INC,76944.0,3.0,https://www.sec.gov/Archives/edgar/data/732712/0000950134-01-000656.txt
2001-02-07,0000732712,2001-02-07,8-K,VERIZON COMMUNICATIONS INC,14445.0,2.0,https://www.sec.gov/Archives/edgar/data/732712/0000950134-01-000809.txt
2001-03-28,0000732712,2001-03-28,8-K,VERIZON COMMUNICATIONS INC,7443.0,1.0,https://www.sec.gov/Archives/edgar/data/732712/0000950134-01-002703.txt
2001-04-25,0000732712,2001-04-25,8-K,VERIZON COMMUNICATIONS INC,61392.0,3.0,https://www.sec.gov/Archives/edgar/data/732712/0000950134-01-500722.txt
2001-05-09,0000732712,2001-05-09,8-K,VERIZON COMMUNICATIONS INC,11018.0,3.0,https://www.sec.gov/Archives/edgar/data/732712/0000950134-01-501324.txt
2001-05-15,0000732712,2001-05-15,10-Q,VERIZON COMMUNICATIONS INC,137807.0,2.0,https://www.sec.gov/Archives/edgar/data/732712/0000950134-01-501758.txt
2001-06-05,0000732712,2001-06-05,8-K,VERIZON COMMUNICATIONS INC,4556.0,1.0,https://www.sec.gov/Archives/edgar/data/732712/0000950134-01-502836.txt
2001-07-31,0000732712,2001-07-31,8-K,VERIZON COMMUNICATIONS INC,85535.0,4.0,https://www.sec.gov/Archives/edgar/data/732712/0000950134-01-504484.txt
2001-08-02,0000732712,2001-08-02,8-K,VERIZON COMMUNICATIONS INC,6933.0,2.0,https://www.sec.gov/Archives/edgar/data/732712/0000950134-01-504570.txt
2001-08-14,0000732712,2001-08-14,10-Q,VERIZON COMMUNICATIONS INC,153438.0,1.0,https://www.sec.gov/Archives/edgar/data/732712/0000950134-01-505380.txt
2001-10-04,0000732712,2001-10-04,8-K,VERIZON COMMUNICATIONS INC,12854.0,2.0,https://www.sec.gov/Archives/edgar/data/732712/0000950134-01-507019.txt
2001-10-30,0000732712,2001-10-30,8-K,VERIZON COMMUNICATIONS INC,82842.0,2.0,https://www.sec.gov/Archives/edgar/data/732712/0000950134-01-507762.txt
2001-11-14,0000732712,2001-11-14,10-Q,VERIZON COMMUNICATIONS INC,179081.0,2.0,https://www.sec.gov/Archives/edgar/data/732712/0000950134-01-508652.txt
2002-01-09,0000732712,2002-01-09,8-K,VERIZON COMMUNICATIONS INC,19080.0,3.0,https://www.sec.gov/Archives/edgar/data/732712/0000950134-02-000116.txt
2002-02-01,0000732712,2002-02-01,8-K,VERIZON COMMUNICATIONS INC,78242.0,2.0,https://www.sec.gov/Archives/edgar/data/732712/0000950134-02-000735.txt
2002-03-11,0000732712,2002-03-11,8-K,VERIZON COMMUNICATIONS INC,10889.0,2.0,https://www.sec.gov/Archives/edgar/data/732712/0000950134-02-001971.txt
2002-03-20,0000732712,2002-03-20,10-K,VERIZON COMMUNICATIONS INC,498005.0,9.0,https://www.sec.gov/Archives/edgar/data/732712/0000950109-02-001438.txt
2002-04-09,0000732712,2002-04-09,8-K,VERIZON COMMUNICATIONS INC,12940.0,2.0,https://www.sec.gov/Archives/edgar/data/732712/0000950134-02-003491.txt
2002-04-10,0000732712,2002-04-10,8-K,VERIZON COMMUNICATIONS INC,7912.0,2.0,https://www.sec.gov/Archives/edgar/data/732712/0000950134-02-003564.txt
2002-04-23,0000732712,2002-04-23,8-K,VERIZON COMMUNICATIONS INC,62195.0,3.0,https://www.sec.gov/Archives/edgar/data/732712/0000950134-02-004059.txt
2002-04-29,0000732712,2002-04-29,8-K,VERIZON COMMUNICATIONS INC,11400.0,2.0,https://www.sec.gov/Archives/edgar/data/732712/0000950134-02-004294.txt
2002-04-30,0000732712,2002-04-30,8-K,VERIZON COMMUNICATIONS INC,9010.0,2.0,https://www.sec.gov/Archives/edgar/data/732712/0000950134-02-004377.txt
2002-05-15,0000732712,2002-05-15,10-Q,VERIZON COMMUNICATIONS INC,161543.0,2.0,https://www.sec.gov/Archives/edgar/data/732712/0000950134-02-005648.txt
2002-05-22,0000732712,2002-05-22,8-K,VERIZON COMMUNICATIONS INC,141251.0,1.0,https://www.sec.gov/Archives/edgar/data/732712/0000950130-02-003892.txt
2002-06-19,0000732712,2002-06-19,8-K,VERIZON COMMUNICATIONS INC,71277.0,2.0,https://www.sec.gov/Archives/edgar/data/732712/0000950123-02-006330.txt
2002-07-25,0000732712,2002-07-25,8-K,VERIZON COMMUNICATIONS INC,8309.0,2.0,https://www.sec.gov/Archives/edgar/data/732712/0000950134-02-008709.txt
2002-07-31,0000732712,2002-07-31,8-K,VERIZON COMMUNICATIONS INC,63056.0,1.0,https://www.sec.gov/Archives/edgar/data/732712/0000950134-02-008892.txt
2002-08-12,0000732712,2002-08-12,10-Q,VERIZON COMMUNICATIONS INC,553253.0,8.0,https://www.sec.gov/Archives/edgar/data/732712/0000950134-02-009527.txt
2002-08-12,0000732712,2002-08-12,8-K,VERIZON COMMUNICATIONS INC,10302.0,1.0,https://www.sec.gov/Archives/edgar/data/732712/0000950134-02-009530.txt
2002-08-21,0000732712,2002-08-21,8-K,VERIZON COMMUNICATIONS INC,7667.0,2.0,https://www.sec.gov/Archives/edgar/data/732712/0000950134-02-010485.txt
2002-09-30,0000732712,2002-09-30,8-K,VERIZON COMMUNICATIONS INC,10823.0,1.0,https://www.sec.gov/Archives/edgar/data/732712/0000950134-02-011940.txt
2002-10-25,0000732712,2002-10-25,8-K,VERIZON COMMUNICATIONS INC,391346.0,1.0,https://www.sec.gov/Archives/edgar/data/732712/0000950134-02-012975.txt
2002-11-13,0000732712,2002-11-13,10-Q,VERIZON COMMUNICATIONS INC,662725.0,2.0,https://www.sec.gov/Archives/edgar/data/732712/0000950134-02-014129.txt
2002-11-13,0000732712,2002-11-13,8-K,VERIZON COMMUNICATIONS INC,11480.0,1.0,https://www.sec.gov/Archives/edgar/data/732712/0000950134-02-014130.txt
2002-12-05,0000732712,2002-12-05,8-K,VERIZON COMMUNICATIONS INC,10577.0,1.0,https://www.sec.gov/Archives/edgar/data/732712/0000950134-02-015265.txt
2002-12-18,0000732712,2002-12-18,8-K,VERIZON COMMUNICATIONS INC,8971.0,1.0,https://www.sec.gov/Archives/edgar/data/732712/0000950134-02-015765.txt
2003-01-16,0000732712,2003-01-16,8-K,VERIZON COMMUNICATIONS INC,7538.0,2.0,https://www.sec.gov/Archives/edgar/data/732712/0000950134-03-000655.txt
2003-01-29,0000732712,2003-01-29,8-K,VERIZON COMMUNICATIONS INC,69043.0,1.0,https://www.sec.gov/Archives/edgar/data/732712/0000950134-03-001165.txt
2003-03-14,0000732712,2003-03-14,10-K,VERIZON COMMUNICATIONS INC,1733871.0,6.0,https://www.sec.gov/Archives/edgar/data/732712/0000950134-03-003953.txt
2003-03-14,0000732712,2003-03-14,8-K,VERIZON COMMUNICATIONS INC,6139.0,1.0,https://www.sec.gov/Archives/edgar/data/732712/0000950134-03-003956.txt
2003-04-22,0000732712,2003-04-22,8-K,VERIZON COMMUNICATIONS INC,78428.0,2.0,https://www.sec.gov/Archives/edgar/data/732712/0000950134-03-006201.txt
2003-05-12,0000732712,2003-05-12,10-Q,VERIZON COMMUNICATIONS INC,493035.0,5.0,https://www.sec.gov/Archives/edgar/data/732712/0000950134-03-007610.txt
2003-07-01,0000732712,2003-07-01,8-K,VERIZON COMMUNICATIONS INC,13108.0,1.0,https://www.sec.gov/Archives/edgar/data/732712/0000950134-03-009770.txt
2003-07-29,0000732712,2003-07-29,8-K,VERIZON COMMUNICATIONS INC,112607.0,2.0,https://www.sec.gov/Archives/edgar/data/732712/0000950134-03-010645.txt
2003-08-12,0000732712,2003-08-12,10-Q,VERIZON COMMUNICATIONS INC,644669.0,7.0,https://www.sec.gov/Archives/edgar/data/732712/0000950134-03-011452.txt
2003-09-05,0000732712,2003-09-05,8-K,VERIZON COMMUNICATIONS INC,14343.0,1.0,https://www.sec.gov/Archives/edgar/data/732712/0000950134-03-012471.txt
2003-09-23,0000732712,2003-09-23,8-K,VERIZON COMMUNICATIONS INC,15663.0,1.0,https://www.sec.gov/Archives/edgar/data/732712/0000950134-03-012953.txt
2003-10-28,0000732712,2003-10-28,8-K,VERIZON COMMUNICATIONS INC,108290.0,2.0,https://www.sec.gov/Archives/edgar/data/732712/0000950134-03-014059.txt
2003-11-12,0000732712,2003-11-12,10-Q,VERIZON COMMUNICATIONS INC,668171.0,6.0,https://www.sec.gov/Archives/edgar/data/732712/0000950134-03-015054.txt
2003-11-18,0000732712,2003-11-18,8-K,VERIZON COMMUNICATIONS INC,13106.0,1.0,https://www.sec.gov/Archives/edgar/data/732712/0000950134-03-015581.txt
2003-12-09,0000732712,2003-12-09,8-K,VERIZON COMMUNICATIONS INC,9522.0,1.0,https://www.sec.gov/Archives/edgar/data/732712/0000950134-03-016425.txt
2004-01-22,0000732712,2004-01-22,8-K,VERIZON COMMUNICATIONS INC,22360.0,2.0,https://www.sec.gov/Archives/edgar/data/732712/0000950134-04-000633.txt
2004-01-29,0000732712,2004-01-29,8-K,VERIZON COMMUNICATIONS INC,118311.0,2.0,https://www.sec.gov/Archives/edgar/data/732712/0000950134-04-000836.txt
2004-01-29,0000732712,2004-01-29,8-K,VERIZON COMMUNICATIONS INC,14806.0,1.0,https://www.sec.gov/Archives/edgar/data/732712/0000950134-04-000849.txt
2004-03-12,0000732712,2004-03-12,10-K,VERIZON COMMUNICATIONS INC,2161334.0,10.0,https://www.sec.gov/Archives/edgar/data/732712/0001193125-04-040305.txt
2004-04-27,0000732712,2004-04-27,8-K,VERIZON COMMUNICATIONS INC,72606.0,2.0,https://www.sec.gov/Archives/edgar/data/732712/0001193125-04-070281.txt
2004-05-07,0000732712,2004-05-07,10-Q,VERIZON COMMUNICATIONS INC,728050.0,6.0,https://www.sec.gov/Archives/edgar/data/732712/0001193125-04-081774.txt
2004-05-21,0000732712,2004-05-21,8-K,VERIZON COMMUNICATIONS INC,32327.0,3.0,https://www.sec.gov/Archives/edgar/data/732712/0001193125-04-093027.txt
2004-07-01,0000732712,2004-07-01,8-K,VERIZON COMMUNICATIONS INC,4591.0,1.0,https://www.sec.gov/Archives/edgar/data/732712/0001193125-04-113004.txt
2004-07-27,0000732712,2004-07-27,8-K,VERIZON COMMUNICATIONS INC,743297.0,3.0,https://www.sec.gov/Archives/edgar/data/732712/0001193125-04-124864.txt
2004-07-27,0000732712,2004-07-27,8-K,VERIZON COMMUNICATIONS INC,11664.0,1.0,https://www.sec.gov/Archives/edgar/data/732712/0001193125-04-125043.txt
2004-08-06,0000732712,2004-08-06,10-Q,VERIZON COMMUNICATIONS INC,1236652.0,10.0,https://www.sec.gov/Archives/edgar/data/732712/0001193125-04-134114.txt
2004-10-08,0000732712,2004-10-08,8-K,VERIZON COMMUNICATIONS INC,14003.0,1.0,https://www.sec.gov/Archives/edgar/data/732712/0001193125-04-168449.txt
2004-10-28,0000732712,2004-10-28,8-K,VERIZON COMMUNICATIONS INC,766329.0,3.0,https://www.sec.gov/Archives/edgar/data/732712/0001193125-04-179855.txt
2004-11-08,0000732712,2004-11-08,10-Q,VERIZON COMMUNICATIONS INC,1056500.0,8.0,https://www.sec.gov/Archives/edgar/data/732712/0001193125-04-189657.txt
2004-12-07,0000732712,2004-12-07,8-K,VERIZON COMMUNICATIONS INC,34368.0,2.0,https://www.sec.gov/Archives/edgar/data/732712/0001193125-04-208827.txt
2004-12-23,0000732712,2004-12-23,8-K,VERIZON COMMUNICATIONS INC,15533.0,1.0,https://www.sec.gov/Archives/edgar/data/732712/0001193125-04-218919.txt
2005-01-12,0000732712,2005-01-12,8-K,VERIZON COMMUNICATIONS INC,16192.0,1.0,https://www.sec.gov/Archives/edgar/data/732712/0001193125-05-005265.txt
2005-01-21,0000732712,2005-01-21,8-K,VERIZON COMMUNICATIONS INC,20028.0,1.0,https://www.sec.gov/Archives/edgar/data/732712/0001193125-05-009584.txt
2005-01-27,0000732712,2005-01-27,8-K,VERIZON COMMUNICATIONS INC,837362.0,3.0,https://www.sec.gov/Archives/edgar/data/732712/0001193125-05-012767.txt
2005-01-28,0000732712,2005-01-28,8-K,VERIZON COMMUNICATIONS INC,19037.0,1.0,https://www.sec.gov/Archives/edgar/data/732712/0001193125-05-013948.txt
2005-02-17,0000732712,2005-02-17,8-K,VERIZON COMMUNICATIONS INC,314836.0,5.0,https://www.sec.gov/Archives/edgar/data/732712/0000950123-05-001962.txt
2005-02-22,0000732712,2005-02-22,8-K,VERIZON COMMUNICATIONS INC,13861.0,1.0,https://www.sec.gov/Archives/edgar/data/732712/0001193125-05-033991.txt
2005-03-02,0000732712,2005-03-02,8-K,VERIZON COMMUNICATIONS INC,42883.0,4.0,https://www.sec.gov/Archives/edgar/data/732712/0001193125-05-040612.txt
2005-03-04,0000732712,2005-03-04,8-K,VERIZON COMMUNICATIONS INC,34511.0,3.0,https://www.sec.gov/Archives/edgar/data/732712/0001193125-05-042652.txt
2005-03-07,0000732712,2005-03-07,8-K,VERIZON COMMUNICATIONS INC,41043.0,3.0,https://www.sec.gov/Archives/edgar/data/732712/0001193125-05-043748.txt
2005-03-09,0000732712,2005-03-09,8-K,VERIZON COMMUNICATIONS INC,22407.0,2.0,https://www.sec.gov/Archives/edgar/data/732712/0001193125-05-045614.txt
2005-03-14,0000732712,2005-03-14,10-K,VERIZON COMMUNICATIONS INC,2293762.0,18.0,https://www.sec.gov/Archives/edgar/data/732712/0001193125-05-049044.txt
2005-03-24,0000732712,2005-03-24,8-K,VERIZON COMMUNICATIONS INC,42453.0,3.0,https://www.sec.gov/Archives/edgar/data/732712/0001193125-05-058888.txt
2005-03-29,0000732712,2005-03-29,8-K,VERIZON COMMUNICATIONS INC,72009.0,4.0,https://www.sec.gov/Archives/edgar/data/732712/0001193125-05-063509.txt
2005-04-01,0000732712,2005-04-01,8-K,VERIZON COMMUNICATIONS INC,64726.0,6.0,https://www.sec.gov/Archives/edgar/data/732712/0001193125-05-068112.txt
2005-04-04,0000732712,2005-04-04,8-K,VERIZON COMMUNICATIONS INC,72193.0,5.0,https://www.sec.gov/Archives/edgar/data/732712/0001193125-05-069488.txt
2005-04-11,0000732712,2005-04-11,8-K,VERIZON COMMUNICATIONS INC,111671.0,4.0,https://www.sec.gov/Archives/edgar/data/732712/0001193125-05-073540.txt
2005-04-27,0000732712,2005-04-27,8-K,VERIZON COMMUNICATIONS INC,412961.0,3.0,https://www.sec.gov/Archives/edgar/data/732712/0001193125-05-085966.txt
2005-04-28,0000732712,2005-04-28,8-K,VERIZON COMMUNICATIONS INC,17630.0,1.0,https://www.sec.gov/Archives/edgar/data/732712/0001193125-05-088281.txt
2005-05-02,0000732712,2005-05-02,8-K,VERIZON COMMUNICATIONS INC,64128.0,4.0,https://www.sec.gov/Archives/edgar/data/732712/0001193125-05-092517.txt
2005-05-09,0000732712,2005-05-09,10-Q,VERIZON COMMUNICATIONS INC,790402.0,8.0,https://www.sec.gov/Archives/edgar/data/732712/0001193125-05-100622.txt
2005-07-26,0000732712,2005-07-26,8-K,VERIZON COMMUNICATIONS INC,749045.0,3.0,https://www.sec.gov/Archives/edgar/data/732712/0001193125-05-148558.txt
2005-08-08,0000732712,2005-08-08,10-Q,VERIZON COMMUNICATIONS INC,928658.0,6.0,https://www.sec.gov/Archives/edgar/data/732712/0001193125-05-160449.txt
2005-08-18,0000732712,2005-08-18,8-K,VERIZON COMMUNICATIONS INC,7011144.0,31.0,https://www.sec.gov/Archives/edgar/data/732712/0001193125-05-170620.txt
2005-09-02,0000732712,2005-09-02,8-K,VERIZON COMMUNICATIONS INC,15449.0,1.0,https://www.sec.gov/Archives/edgar/data/732712/0001193125-05-179313.txt
2005-09-12,0000732712,2005-09-12,8-K,VERIZON COMMUNICATIONS INC,1192130.0,18.0,https://www.sec.gov/Archives/edgar/data/732712/0001193125-05-183937.txt
2005-09-28,0000732712,2005-09-28,8-K,VERIZON COMMUNICATIONS INC,17735.0,1.0,https://www.sec.gov/Archives/edgar/data/732712/0001193125-05-192974.txt
2005-10-06,0000732712,2005-10-06,8-K,VERIZON COMMUNICATIONS INC,34739.0,4.0,https://www.sec.gov/Archives/edgar/data/732712/0001193125-05-197691.txt
2005-10-21,0000732712,2005-10-21,8-K,VERIZON COMMUNICATIONS INC,13008.0,1.0,https://www.sec.gov/Archives/edgar/data/732712/0001193125-05-205139.txt
2005-10-27,0000732712,2005-10-27,8-K,VERIZON COMMUNICATIONS INC,770904.0,3.0,https://www.sec.gov/Archives/edgar/data/732712/0001193125-05-209419.txt
2005-10-27,0000732712,2005-10-27,8-K,VERIZON COMMUNICATIONS INC,16709.0,1.0,https://www.sec.gov/Archives/edgar/data/732712/0001193125-05-209962.txt
2005-11-08,0000732712,2005-11-08,10-Q,VERIZON COMMUNICATIONS INC,944215.0,6.0,https://www.sec.gov/Archives/edgar/data/732712/0001193125-05-219525.txt
2005-11-21,0000732712,2005-11-21,8-K,VERIZON COMMUNICATIONS INC,17143.0,1.0,https://www.sec.gov/Archives/edgar/data/732712/0001193125-05-229818.txt
2005-12-02,0000732712,2005-12-02,8-K,VERIZON COMMUNICATIONS INC,14189.0,1.0,https://www.sec.gov/Archives/edgar/data/732712/0001193125-05-235756.txt
2005-12-05,0000732712,2005-12-05,8-K,VERIZON COMMUNICATIONS INC,32522.0,3.0,https://www.sec.gov/Archives/edgar/data/732712/0001193125-05-236236.txt
2005-12-06,0000732712,2005-12-06,8-K,VERIZON COMMUNICATIONS INC,44504.0,3.0,https://www.sec.gov/Archives/edgar/data/732712/0001193125-05-236967.txt
2005-12-16,0000732712,2005-12-16,8-K,VERIZON COMMUNICATIONS INC,180923.0,4.0,https://www.sec.gov/Archives/edgar/data/732712/0001193125-05-244293.txt
2005-12-21,0000732712,2005-12-21,8-K,VERIZON COMMUNICATIONS INC,26784.0,3.0,https://www.sec.gov/Archives/edgar/data/732712/0001193125-05-246721.txt
2006-01-06,0000732712,2006-01-06,8-K,VERIZON COMMUNICATIONS INC,38132.0,3.0,https://www.sec.gov/Archives/edgar/data/732712/0001193125-06-002317.txt
2006-01-06,0000732712,2006-01-06,8-K,VERIZON COMMUNICATIONS INC,60960.0,3.0,https://www.sec.gov/Archives/edgar/data/732712/0001193125-06-002541.txt
2006-01-09,0000732712,2006-01-09,8-K,VERIZON COMMUNICATIONS INC,72782.0,3.0,https://www.sec.gov/Archives/edgar/data/732712/0001193125-06-003310.txt
2006-01-12,0000732712,2006-01-12,8-K,VERIZON COMMUNICATIONS INC,19843.0,1.0,https://www.sec.gov/Archives/edgar/data/732712/0001193125-06-005591.txt
2006-01-17,0000732712,2006-01-17,8-K,VERIZON COMMUNICATIONS INC,43861.0,3.0,https://www.sec.gov/Archives/edgar/data/732712/0001193125-06-007186.txt
2006-01-20,0000732712,2006-01-20,8-K,VERIZON COMMUNICATIONS INC,37784.0,3.0,https://www.sec.gov/Archives/edgar/data/732712/0001193125-06-009379.txt
2006-01-24,0000732712,2006-01-24,8-K,VERIZON COMMUNICATIONS INC,60092.0,3.0,https://www.sec.gov/Archives/edgar/data/732712/0001193125-06-010508.txt
2006-01-26,0000732712,2006-01-26,8-K,VERIZON COMMUNICATIONS INC,945074.0,3.0,https://www.sec.gov/Archives/edgar/data/732712/0001193125-06-012332.txt
2006-01-27,0000732712,2006-01-27,8-K,VERIZON COMMUNICATIONS INC,15792.0,1.0,https://www.sec.gov/Archives/edgar/data/732712/0001193125-06-013630.txt
2006-02-02,0000732712,2006-02-02,8-K,VERIZON COMMUNICATIONS INC,40964.0,3.0,https://www.sec.gov/Archives/edgar/data/732712/0001193125-06-017473.txt
2006-02-09,0000732712,2006-02-09,8-K,VERIZON COMMUNICATIONS INC,180595.0,7.0,https://www.sec.gov/Archives/edgar/data/732712/0000950123-06-001361.txt
2006-02-21,0000732712,2006-02-21,8-K,VERIZON COMMUNICATIONS INC,14379.0,1.0,https://www.sec.gov/Archives/edgar/data/732712/0001193125-06-035847.txt
2006-02-27,0000732712,2006-02-27,8-K,VERIZON COMMUNICATIONS INC,47792.0,3.0,https://www.sec.gov/Archives/edgar/data/732712/0001193125-06-040160.txt
2006-02-28,0000732712,2006-02-28,8-K,VERIZON COMMUNICATIONS INC,45799.0,3.0,https://www.sec.gov/Archives/edgar/data/732712/0001193125-06-041476.txt
2006-03-07,0000732712,2006-03-07,8-K,VERIZON COMMUNICATIONS INC,16928.0,1.0,https://www.sec.gov/Archives/edgar/data/732712/0001193125-06-047236.txt
2006-03-14,0000732712,2006-03-14,10-K,VERIZON COMMUNICATIONS INC,2451071.0,18.0,https://www.sec.gov/Archives/edgar/data/732712/0001193125-06-053710.txt
2006-04-04,0000732712,2006-04-04,8-K,VERIZON COMMUNICATIONS INC,47336.0,3.0,https://www.sec.gov/Archives/edgar/data/732712/0001193125-06-072964.txt
2006-05-02,0000732712,2006-05-02,8-K,VERIZON COMMUNICATIONS INC,488404.0,3.0,https://www.sec.gov/Archives/edgar/data/732712/0001193125-06-095866.txt
2006-05-09,0000732712,2006-05-09,10-Q,VERIZON COMMUNICATIONS INC,780626.0,7.0,https://www.sec.gov/Archives/edgar/data/732712/0001193125-06-105706.txt
2006-05-09,0000732712,2006-05-09,8-K,VERIZON COMMUNICATIONS INC,17457.0,1.0,https://www.sec.gov/Archives/edgar/data/732712/0001193125-06-105708.txt
2006-07-03,0000732712,2006-07-03,8-K,VERIZON COMMUNICATIONS INC,688206.0,5.0,https://www.sec.gov/Archives/edgar/data/732712/0001193125-06-141237.txt
2006-07-07,0000732712,2006-07-07,8-K,VERIZON COMMUNICATIONS INC,44309.0,3.0,https://www.sec.gov/Archives/edgar/data/732712/0001193125-06-143082.txt
2006-07-24,0000732712,2006-07-24,8-K,VERIZON COMMUNICATIONS INC,64615.0,3.0,https://www.sec.gov/Archives/edgar/data/732712/0001193125-06-151818.txt
2006-08-01,0000732712,2006-08-01,8-K,VERIZON COMMUNICATIONS INC,828517.0,3.0,https://www.sec.gov/Archives/edgar/data/732712/0001193125-06-157537.txt
2006-08-04,0000732712,2006-08-04,10-Q,VERIZON COMMUNICATIONS INC,1079853.0,6.0,https://www.sec.gov/Archives/edgar/data/732712/0001193125-06-162569.txt
2006-08-15,0000732712,2006-08-15,8-K,VERIZON COMMUNICATIONS INC,12665.0,1.0,https://www.sec.gov/Archives/edgar/data/732712/0001193125-06-173989.txt
2006-08-23,0000732712,2006-08-23,8-K,VERIZON COMMUNICATIONS INC,22055.0,1.0,https://www.sec.gov/Archives/edgar/data/732712/0001193125-06-178311.txt
2006-09-28,0000732712,2006-09-28,8-K,VERIZON COMMUNICATIONS INC,3523397.0,58.0,https://www.sec.gov/Archives/edgar/data/732712/0001193125-06-198669.txt
2006-10-18,0000732712,2006-10-18,8-K,VERIZON COMMUNICATIONS INC,103309.0,4.0,https://www.sec.gov/Archives/edgar/data/732712/0001193125-06-210206.txt
2006-10-30,0000732712,2006-10-30,8-K,VERIZON COMMUNICATIONS INC,821567.0,3.0,https://www.sec.gov/Archives/edgar/data/732712/0001193125-06-217491.txt
2006-11-06,0000732712,2006-11-06,10-Q,VERIZON COMMUNICATIONS INC,1066344.0,7.0,https://www.sec.gov/Archives/edgar/data/732712/0001193125-06-225042.txt
2006-11-17,0000732712,2006-11-17,8-K,VERIZON COMMUNICATIONS INC,315376.0,6.0,https://www.sec.gov/Archives/edgar/data/732712/0001193125-06-238309.txt
2006-12-01,0000732712,2006-12-01,8-K,VERIZON COMMUNICATIONS INC,38825.0,3.0,https://www.sec.gov/Archives/edgar/data/732712/0001193125-06-245448.txt
2006-12-06,0000732712,2006-12-06,8-K,VERIZON COMMUNICATIONS INC,45435.0,3.0,https://www.sec.gov/Archives/edgar/data/732712/0001193125-06-247678.txt
2006-12-07,0000732712,2006-12-07,8-K,VERIZON COMMUNICATIONS INC,11709.0,1.0,https://www.sec.gov/Archives/edgar/data/732712/0001193125-06-248715.txt
2006-12-12,0000732712,2006-12-12,8-K,VERIZON COMMUNICATIONS INC,13726.0,1.0,https://www.sec.gov/Archives/edgar/data/732712/0001193125-06-251425.txt
2006-12-19,0000732712,2006-12-19,8-K,VERIZON COMMUNICATIONS INC,12784.0,1.0,https://www.sec.gov/Archives/edgar/data/732712/0001193125-06-256227.txt
2007-01-04,0000732712,2007-01-04,8-K,VERIZON COMMUNICATIONS INC,1113301.0,3.0,https://www.sec.gov/Archives/edgar/data/732712/0001193125-07-001162.txt
2007-01-16,0000732712,2007-01-16,8-K,VERIZON COMMUNICATIONS INC,15420.0,1.0,https://www.sec.gov/Archives/edgar/data/732712/0001193125-07-006937.txt
2007-01-29,0000732712,2007-01-29,8-K,VERIZON COMMUNICATIONS INC,885727.0,3.0,https://www.sec.gov/Archives/edgar/data/732712/0001193125-07-014634.txt
2007-01-31,0000732712,2007-01-31,8-K,VERIZON COMMUNICATIONS INC,12251.0,1.0,https://www.sec.gov/Archives/edgar/data/732712/0001193125-07-016525.txt
2007-02-06,0000732712,2007-02-06,8-K,VERIZON COMMUNICATIONS INC,14846.0,1.0,https://www.sec.gov/Archives/edgar/data/732712/0001193125-07-020398.txt
2007-03-01,0000732712,2007-03-01,10-K,VERIZON COMMUNICATIONS INC,1984574.0,10.0,https://www.sec.gov/Archives/edgar/data/732712/0001193125-07-044126.txt
2007-03-07,0000732712,2007-03-07,8-K,VERIZON COMMUNICATIONS INC,16322.0,1.0,https://www.sec.gov/Archives/edgar/data/732712/0001193125-07-048544.txt
2007-04-30,0000732712,2007-04-30,8-K,VERIZON COMMUNICATIONS INC,611499.0,3.0,https://www.sec.gov/Archives/edgar/data/732712/0001193125-07-094763.txt
2007-05-04,0000732712,2007-05-04,10-Q,VERIZON COMMUNICATIONS INC,888879.0,10.0,https://www.sec.gov/Archives/edgar/data/732712/0001193125-07-102943.txt
2007-05-31,0000732712,2007-05-31,8-K,VERIZON COMMUNICATIONS INC,12511.0,1.0,https://www.sec.gov/Archives/edgar/data/732712/0001193125-07-127110.txt
2007-06-08,0000732712,2007-06-08,8-K,VERIZON COMMUNICATIONS INC,16824.0,1.0,https://www.sec.gov/Archives/edgar/data/732712/0001193125-07-132583.txt
2007-06-13,0000732712,2007-06-13,8-K,VERIZON COMMUNICATIONS INC,15884.0,1.0,https://www.sec.gov/Archives/edgar/data/732712/0001193125-07-134949.txt
2007-06-21,0000732712,2007-06-21,8-K,VERIZON COMMUNICATIONS INC,12705.0,1.0,https://www.sec.gov/Archives/edgar/data/732712/0001193125-07-140029.txt
2007-07-19,0000732712,2007-07-19,8-K,VERIZON COMMUNICATIONS INC,65254.0,3.0,https://www.sec.gov/Archives/edgar/data/732712/0001193125-07-158118.txt
2007-07-24,0000732712,2007-07-24,8-K,VERIZON COMMUNICATIONS INC,14170.0,1.0,https://www.sec.gov/Archives/edgar/data/732712/0001193125-07-160451.txt
2007-07-30,0000732712,2007-07-30,8-K,VERIZON COMMUNICATIONS INC,761673.0,3.0,https://www.sec.gov/Archives/edgar/data/732712/0001193125-07-164680.txt
2007-07-31,0000732712,2007-07-31,10-Q,VERIZON COMMUNICATIONS INC,924013.0,6.0,https://www.sec.gov/Archives/edgar/data/732712/0001193125-07-166316.txt
2007-09-06,0000732712,2007-09-06,8-K,VERIZON COMMUNICATIONS INC,35350.0,3.0,https://www.sec.gov/Archives/edgar/data/732712/0001193125-07-196594.txt
2007-09-11,0000732712,2007-09-11,8-K,VERIZON COMMUNICATIONS INC,12700.0,1.0,https://www.sec.gov/Archives/edgar/data/732712/0001193125-07-199004.txt
2007-10-29,0000732712,2007-10-29,8-K,VERIZON COMMUNICATIONS INC,828336.0,3.0,https://www.sec.gov/Archives/edgar/data/732712/0001193125-07-227560.txt
2007-10-30,0000732712,2007-10-30,10-Q,VERIZON COMMUNICATIONS INC,931321.0,6.0,https://www.sec.gov/Archives/edgar/data/732712/0001193125-07-229691.txt
2007-12-07,0000732712,2007-12-07,8-K,VERIZON COMMUNICATIONS INC,13244.0,1.0,https://www.sec.gov/Archives/edgar/data/732712/0001193125-07-261097.txt
2008-01-11,0000732712,2008-01-11,8-K,VERIZON COMMUNICATIONS INC,13969.0,1.0,https://www.sec.gov/Archives/edgar/data/732712/0001193125-08-005527.txt
2008-01-28,0000732712,2008-01-28,8-K,VERIZON COMMUNICATIONS INC,896749.0,3.0,https://www.sec.gov/Archives/edgar/data/732712/0001193125-08-012808.txt
2008-01-30,0000732712,2008-01-30,8-K,VERIZON COMMUNICATIONS INC,16673.0,1.0,https://www.sec.gov/Archives/edgar/data/732712/0001193125-08-015182.txt
2008-02-01,0000732712,2008-02-01,8-K,VERIZON COMMUNICATIONS INC,12278.0,1.0,https://www.sec.gov/Archives/edgar/data/732712/0000950123-08-001020.txt
2008-02-08,0000732712,2008-02-08,8-K,VERIZON COMMUNICATIONS INC,134793.0,4.0,https://www.sec.gov/Archives/edgar/data/732712/0001193125-08-024449.txt
2008-02-21,0000732712,2008-02-21,8-K,VERIZON COMMUNICATIONS INC,206580.0,3.0,https://www.sec.gov/Archives/edgar/data/732712/0001193125-08-034732.txt
2008-02-28,0000732712,2008-02-28,10-K,VERIZON COMMUNICATIONS INC,1726298.0,11.0,https://www.sec.gov/Archives/edgar/data/732712/0001193125-08-042027.txt
2008-02-29,0000732712,2008-02-29,8-K,VERIZON COMMUNICATIONS INC,45902.0,3.0,https://www.sec.gov/Archives/edgar/data/732712/0001193125-08-043744.txt
2008-03-13,0000732712,2008-03-13,8-K,VERIZON COMMUNICATIONS INC,21390.0,1.0,https://www.sec.gov/Archives/edgar/data/732712/0001193125-08-055670.txt
2008-03-24,0000732712,2008-03-24,8-K,VERIZON COMMUNICATIONS INC,16050.0,1.0,https://www.sec.gov/Archives/edgar/data/732712/0001193125-08-063644.txt
2008-03-28,0000732712,2008-03-28,8-K,VERIZON COMMUNICATIONS INC,26484.0,3.0,https://www.sec.gov/Archives/edgar/data/732712/0001193125-08-069254.txt
2008-03-31,0000732712,2008-03-31,8-K,VERIZON COMMUNICATIONS INC,36705.0,3.0,https://www.sec.gov/Archives/edgar/data/732712/0001193125-08-071174.txt
2008-04-28,0000732712,2008-04-28,8-K,VERIZON COMMUNICATIONS INC,468120.0,3.0,https://www.sec.gov/Archives/edgar/data/732712/0001193125-08-091910.txt
2008-04-29,0000732712,2008-04-29,8-K,VERIZON COMMUNICATIONS INC,18478.0,1.0,https://www.sec.gov/Archives/edgar/data/732712/0001193125-08-095209.txt
2008-04-29,0000732712,2008-04-29,10-Q,VERIZON COMMUNICATIONS INC,681097.0,9.0,https://www.sec.gov/Archives/edgar/data/732712/0001193125-08-095227.txt
2008-06-11,0000732712,2008-06-11,8-K,VERIZON COMMUNICATIONS INC,1191164.0,11.0,https://www.sec.gov/Archives/edgar/data/732712/0001193125-08-131890.txt
2008-06-27,0000732712,2008-06-27,8-K,VERIZON COMMUNICATIONS INC,16597.0,2.0,https://www.sec.gov/Archives/edgar/data/732712/0001193125-08-142678.txt
2008-07-22,0000732712,2008-07-22,8-K,VERIZON COMMUNICATIONS INC,56111.0,3.0,https://www.sec.gov/Archives/edgar/data/732712/0001193125-08-155338.txt
2008-07-28,0000732712,2008-07-28,8-K,VERIZON COMMUNICATIONS INC,649694.0,3.0,https://www.sec.gov/Archives/edgar/data/732712/0001193125-08-158504.txt
2008-07-29,0000732712,2008-07-29,10-Q,VERIZON COMMUNICATIONS INC,729205.0,6.0,https://www.sec.gov/Archives/edgar/data/732712/0001193125-08-160315.txt
2008-07-29,0000732712,2008-07-29,8-K,VERIZON COMMUNICATIONS INC,19599.0,1.0,https://www.sec.gov/Archives/edgar/data/732712/0001193125-08-160338.txt
2008-09-04,0000732712,2008-09-04,8-K,VERIZON COMMUNICATIONS INC,34902.0,3.0,https://www.sec.gov/Archives/edgar/data/732712/0001193125-08-190292.txt
2008-09-23,0000732712,2008-09-23,8-K,VERIZON COMMUNICATIONS INC,23568.0,1.0,https://www.sec.gov/Archives/edgar/data/732712/0001193125-08-199424.txt
2008-10-01,0000732712,2008-10-01,8-K,VERIZON COMMUNICATIONS INC,13840.0,1.0,https://www.sec.gov/Archives/edgar/data/732712/0001193125-08-204660.txt
2008-10-27,0000732712,2008-10-27,8-K,VERIZON COMMUNICATIONS INC,713679.0,3.0,https://www.sec.gov/Archives/edgar/data/732712/0001193125-08-216469.txt
2008-10-28,0000732712,2008-10-28,10-Q,VERIZON COMMUNICATIONS INC,767452.0,6.0,https://www.sec.gov/Archives/edgar/data/732712/0001193125-08-217163.txt
2008-10-29,0000732712,2008-10-29,8-K,VERIZON COMMUNICATIONS INC,18123.0,1.0,https://www.sec.gov/Archives/edgar/data/732712/0001193125-08-219117.txt
2008-11-03,0000732712,2008-11-03,8-K,VERIZON COMMUNICATIONS INC,20967.0,2.0,https://www.sec.gov/Archives/edgar/data/732712/0001193125-08-222869.txt
2008-11-25,0000732712,2008-11-25,8-K,VERIZON COMMUNICATIONS INC,17748.0,1.0,https://www.sec.gov/Archives/edgar/data/732712/0001193125-08-243437.txt
2008-12-05,0000732712,2008-12-05,8-K,VERIZON COMMUNICATIONS INC,119618.0,2.0,https://www.sec.gov/Archives/edgar/data/732712/0001193125-08-248874.txt
2008-12-10,0000732712,2008-12-10,8-K,VERIZON COMMUNICATIONS INC,15143.0,1.0,https://www.sec.gov/Archives/edgar/data/732712/0001193125-08-251396.txt
2008-12-29,0000732712,2008-12-29,8-K,VERIZON COMMUNICATIONS INC,364667.0,2.0,https://www.sec.gov/Archives/edgar/data/732712/0001193125-08-260910.txt
2009-01-02,0000732712,2009-01-02,8-K,VERIZON COMMUNICATIONS INC,14904.0,1.0,https://www.sec.gov/Archives/edgar/data/732712/0001193125-09-000201.txt
2009-01-09,0000732712,2009-01-09,8-K,VERIZON COMMUNICATIONS INC,138895.0,3.0,https://www.sec.gov/Archives/edgar/data/732712/0001193125-09-004119.txt
2009-01-12,0000732712,2009-01-12,8-K,VERIZON COMMUNICATIONS INC,18449.0,1.0,https://www.sec.gov/Archives/edgar/data/732712/0001193125-09-004897.txt
2009-01-27,0000732712,2009-01-27,8-K,VERIZON COMMUNICATIONS INC,738875.0,3.0,https://www.sec.gov/Archives/edgar/data/732712/0001193125-09-011571.txt
2009-02-06,0000732712,2009-02-06,8-K,VERIZON COMMUNICATIONS INC,13582.0,1.0,https://www.sec.gov/Archives/edgar/data/732712/0001193125-09-021177.txt
2009-02-17,0000732712,2009-02-17,8-K,VERIZON COMMUNICATIONS INC,38284.0,3.0,https://www.sec.gov/Archives/edgar/data/732712/0001193125-09-030735.txt
2009-02-24,0000732712,2009-02-24,10-K,VERIZON COMMUNICATIONS INC,1763165.0,10.0,https://www.sec.gov/Archives/edgar/data/732712/0001193125-09-036349.txt
2009-02-25,0000732712,2009-02-25,8-K,VERIZON COMMUNICATIONS INC,14439.0,1.0,https://www.sec.gov/Archives/edgar/data/732712/0001193125-09-037554.txt
2009-03-04,0000732712,2009-03-04,8-K,VERIZON COMMUNICATIONS INC,14634.0,1.0,https://www.sec.gov/Archives/edgar/data/732712/0001193125-09-044870.txt
2009-03-11,0000732712,2009-03-11,8-K,VERIZON COMMUNICATIONS INC,18673.0,1.0,https://www.sec.gov/Archives/edgar/data/732712/0001193125-09-051015.txt
2009-04-24,0000732712,2009-04-24,8-K,VERIZON COMMUNICATIONS INC,1614198.0,3.0,https://www.sec.gov/Archives/edgar/data/732712/0001193125-09-087042.txt
2009-04-27,0000732712,2009-04-27,8-K,VERIZON COMMUNICATIONS INC,484292.0,3.0,https://www.sec.gov/Archives/edgar/data/732712/0001193125-09-087725.txt
2009-05-11,0000732712,2009-05-11,10-Q,VERIZON COMMUNICATIONS INC,737915.0,9.0,https://www.sec.gov/Archives/edgar/data/732712/0001193125-09-107317.txt
2009-05-13,0000732712,2009-05-13,8-K,VERIZON COMMUNICATIONS INC,440551.0,11.0,https://www.sec.gov/Archives/edgar/data/732712/0001193125-09-109441.txt
2009-07-24,0000732712,2009-07-24,8-K,VERIZON COMMUNICATIONS INC,61993.0,3.0,https://www.sec.gov/Archives/edgar/data/732712/0001193125-09-154611.txt
2009-07-27,0000732712,2009-07-27,8-K,VERIZON COMMUNICATIONS INC,684038.0,3.0,https://www.sec.gov/Archives/edgar/data/732712/0001193125-09-155354.txt
2009-07-29,0000732712,2009-07-29,8-K,VERIZON COMMUNICATIONS INC,18764.0,1.0,https://www.sec.gov/Archives/edgar/data/732712/0001193125-09-157854.txt
2009-07-30,0000732712,2009-07-30,10-Q,VERIZON COMMUNICATIONS INC,3553963.0,31.0,https://www.sec.gov/Archives/edgar/data/732712/0001193125-09-159648.txt
2009-09-04,0000732712,2009-09-04,8-K,VERIZON COMMUNICATIONS INC,36170.0,3.0,https://www.sec.gov/Archives/edgar/data/732712/0001193125-09-187620.txt
2009-09-11,0000732712,2009-09-11,8-K,VERIZON COMMUNICATIONS INC,22883.0,1.0,https://www.sec.gov/Archives/edgar/data/732712/0001193125-09-190625.txt
2009-10-26,0000732712,2009-10-26,8-K,VERIZON COMMUNICATIONS INC,756768.0,3.0,https://www.sec.gov/Archives/edgar/data/732712/0001193125-09-213287.txt
2009-10-29,0000732712,2009-10-29,10-Q,VERIZON COMMUNICATIONS INC,2388432.0,31.0,https://www.sec.gov/Archives/edgar/data/732712/0001193125-09-217506.txt
2009-11-02,0000732712,2009-11-02,8-K,VERIZON COMMUNICATIONS INC,1517298.0,4.0,https://www.sec.gov/Archives/edgar/data/732712/0001193125-09-220579.txt
2009-12-01,0000732712,2009-12-01,8-K,VERIZON COMMUNICATIONS INC,32211.0,1.0,https://www.sec.gov/Archives/edgar/data/732712/0001193125-09-244727.txt
2009-12-07,0000732712,2009-12-07,8-K,VERIZON COMMUNICATIONS INC,144615.0,2.0,https://www.sec.gov/Archives/edgar/data/732712/0001193125-09-248353.txt
2009-12-23,0000732712,2009-12-23,8-K,VERIZON COMMUNICATIONS INC,17872.0,1.0,https://www.sec.gov/Archives/edgar/data/732712/0001193125-09-258943.txt
2010-01-08,0000732712,2010-01-08,8-K,VERIZON COMMUNICATIONS INC,19907.0,1.0,https://www.sec.gov/Archives/edgar/data/732712/0001193125-10-003283.txt
2010-01-26,0000732712,2010-01-26,8-K,VERIZON COMMUNICATIONS INC,789102.0,3.0,https://www.sec.gov/Archives/edgar/data/732712/0001193125-10-012517.txt
2010-02-09,0000732712,2010-02-09,8-K,VERIZON COMMUNICATIONS INC,19253.0,1.0,https://www.sec.gov/Archives/edgar/data/732712/0001193125-10-025601.txt
2010-02-26,0000732712,2010-02-26,10-K,VERIZON COMMUNICATIONS INC,5857423.0,17.0,https://www.sec.gov/Archives/edgar/data/732712/0001193125-10-041685.txt
2010-03-05,0000732712,2010-03-05,8-K,VERIZON COMMUNICATIONS INC,46380.0,3.0,https://www.sec.gov/Archives/edgar/data/732712/0001193125-10-049097.txt
2010-03-24,0000732712,2010-03-24,8-K,VERIZON COMMUNICATIONS INC,487229.0,3.0,https://www.sec.gov/Archives/edgar/data/732712/0001193125-10-065073.txt
2010-04-01,0000732712,2010-04-01,8-K,VERIZON COMMUNICATIONS INC,17599.0,1.0,https://www.sec.gov/Archives/edgar/data/732712/0001193125-10-075202.txt
2010-04-22,0000732712,2010-04-22,8-K,VERIZON COMMUNICATIONS INC,332094.0,3.0,https://www.sec.gov/Archives/edgar/data/732712/0001193125-10-089535.txt
2010-04-28,0000732712,2010-04-28,10-Q,VERIZON COMMUNICATIONS INC,2338746.0,17.0,https://www.sec.gov/Archives/edgar/data/732712/0001193125-10-096291.txt
2010-05-12,0000732712,2010-05-12,8-K,VERIZON COMMUNICATIONS INC,33141.0,1.0,https://www.sec.gov/Archives/edgar/data/732712/0001193125-10-117284.txt
2010-05-27,0000732712,2010-05-27,8-K,VERIZON COMMUNICATIONS INC,49721.0,3.0,https://www.sec.gov/Archives/edgar/data/732712/0001193125-10-130484.txt
2010-06-11,0000732712,2010-06-11,8-K,VERIZON COMMUNICATIONS INC,14506.0,1.0,https://www.sec.gov/Archives/edgar/data/732712/0001193125-10-138018.txt
2010-07-01,0000732712,2010-07-01,8-K,VERIZON COMMUNICATIONS INC,48944.0,3.0,https://www.sec.gov/Archives/edgar/data/732712/0001193125-10-152205.txt
2010-07-23,0000732712,2010-07-23,8-K,VERIZON COMMUNICATIONS INC,474398.0,3.0,https://www.sec.gov/Archives/edgar/data/732712/0001193125-10-164529.txt
2010-07-27,0000732712,2010-07-27,8-K,VERIZON COMMUNICATIONS INC,19123.0,1.0,https://www.sec.gov/Archives/edgar/data/732712/0001193125-10-167475.txt
2010-07-29,0000732712,2010-07-29,10-Q,VERIZON COMMUNICATIONS INC,7926457.0,12.0,https://www.sec.gov/Archives/edgar/data/732712/0001193125-10-170567.txt
2010-09-10,0000732712,2010-09-10,8-K,VERIZON COMMUNICATIONS INC,1060062.0,2.0,https://www.sec.gov/Archives/edgar/data/732712/0001193125-10-208126.txt
2010-09-13,0000732712,2010-09-13,8-K,VERIZON COMMUNICATIONS INC,14162.0,1.0,https://www.sec.gov/Archives/edgar/data/732712/0001193125-10-209084.txt
2010-09-20,0000732712,2010-09-20,8-K,VERIZON COMMUNICATIONS INC,60377.0,3.0,https://www.sec.gov/Archives/edgar/data/732712/0001193125-10-213190.txt
2010-10-08,0000732712,2010-10-08,8-K,VERIZON COMMUNICATIONS INC,175585.0,2.0,https://www.sec.gov/Archives/edgar/data/732712/0001193125-10-226827.txt
2010-10-22,0000732712,2010-10-22,8-K,VERIZON COMMUNICATIONS INC,492607.0,3.0,https://www.sec.gov/Archives/edgar/data/732712/0001193125-10-234169.txt
2010-10-28,0000732712,2010-10-28,10-Q,VERIZON COMMUNICATIONS INC,9384571.0,12.0,https://www.sec.gov/Archives/edgar/data/732712/0001193125-10-239707.txt
2010-12-29,0000732712,2010-12-29,8-K,VERIZON COMMUNICATIONS INC,7636585.0,9.0,https://www.sec.gov/Archives/edgar/data/732712/0001193125-10-290314.txt
2011-01-21,0000732712,2011-01-21,8-K,VERIZON COMMUNICATIONS INC,569061.0,4.0,https://www.sec.gov/Archives/edgar/data/732712/0001193125-11-011532.txt
2011-01-25,0000732712,2011-01-25,8-K,VERIZON COMMUNICATIONS INC,428243.0,3.0,https://www.sec.gov/Archives/edgar/data/732712/0001193125-11-013427.txt
2011-01-27,0000732712,2011-01-27,8-K,VERIZON COMMUNICATIONS INC,78944.0,4.0,https://www.sec.gov/Archives/edgar/data/732712/0000909518-11-000031.txt
2011-01-27,0000732712,2011-01-27,8-K,VERIZON COMMUNICATIONS INC,91782.0,3.0,https://www.sec.gov/Archives/edgar/data/732712/0001193125-11-015961.txt
2011-02-03,0000732712,2011-02-03,8-K,VERIZON COMMUNICATIONS INC,42683.0,3.0,https://www.sec.gov/Archives/edgar/data/732712/0001193125-11-023291.txt
2011-02-28,0000732712,2011-02-28,10-K,VERIZON COMMUNICATIONS INC,23412109.0,23.0,https://www.sec.gov/Archives/edgar/data/732712/0001193125-11-049476.txt
2011-03-07,0000732712,2011-03-07,8-K,VERIZON COMMUNICATIONS INC,16007.0,1.0,https://www.sec.gov/Archives/edgar/data/732712/0001193125-11-057878.txt
2011-04-11,0000732712,2011-04-11,8-K,VERIZON COMMUNICATIONS INC,38752.0,3.0,https://www.sec.gov/Archives/edgar/data/732712/0001193125-11-093344.txt
2011-04-21,0000732712,2011-04-21,8-K,VERIZON COMMUNICATIONS INC,465121.0,3.0,https://www.sec.gov/Archives/edgar/data/732712/0001193125-11-104504.txt
2011-04-28,0000732712,2011-04-28,10-Q,VERIZON COMMUNICATIONS INC,7091417.0,14.0,https://www.sec.gov/Archives/edgar/data/732712/0001193125-11-113952.txt
2011-05-10,0000732712,2011-05-10,8-K,VERIZON COMMUNICATIONS INC,40156.0,1.0,https://www.sec.gov/Archives/edgar/data/732712/0001193125-11-134085.txt
2011-06-24,0000732712,2011-06-24,8-K,VERIZON COMMUNICATIONS INC,16042.0,1.0,https://www.sec.gov/Archives/edgar/data/732712/0001193125-11-173294.txt
2011-07-22,0000732712,2011-07-22,8-K,VERIZON COMMUNICATIONS INC,599496.0,5.0,https://www.sec.gov/Archives/edgar/data/732712/0001193125-11-194187.txt
2011-07-25,0000732712,2011-07-25,8-K,VERIZON COMMUNICATIONS INC,16996.0,1.0,https://www.sec.gov/Archives/edgar/data/732712/0001193125-11-196160.txt
2011-07-28,0000732712,2011-07-28,10-Q,VERIZON COMMUNICATIONS INC,6923588.0,12.0,https://www.sec.gov/Archives/edgar/data/732712/0001193125-11-201011.txt
2011-09-14,0000732712,2011-09-14,8-K,VERIZON COMMUNICATIONS INC,17895.0,1.0,https://www.sec.gov/Archives/edgar/data/732712/0001193125-11-248070.txt
2011-10-21,0000732712,2011-10-21,8-K,VERIZON COMMUNICATIONS INC,568209.0,3.0,https://www.sec.gov/Archives/edgar/data/732712/0001193125-11-276677.txt
2011-10-25,0000732712,2011-10-25,10-Q,VERIZON COMMUNICATIONS INC,6785365.0,13.0,https://www.sec.gov/Archives/edgar/data/732712/0001193125-11-280401.txt
2011-12-02,0000732712,2011-12-02,8-K,VERIZON COMMUNICATIONS INC,30732.0,2.0,https://www.sec.gov/Archives/edgar/data/732712/0001193125-11-328252.txt
2011-12-06,0000732712,2011-12-06,8-K,VERIZON COMMUNICATIONS INC,45935.0,3.0,https://www.sec.gov/Archives/edgar/data/732712/0001193125-11-332213.txt
2012-01-06,0000732712,2012-01-06,8-K,VERIZON COMMUNICATIONS INC,16725.0,1.0,https://www.sec.gov/Archives/edgar/data/732712/0001193125-12-004988.txt
2012-01-24,0000732712,2012-01-24,8-K,VERIZON COMMUNICATIONS INC,550062.0,3.0,https://www.sec.gov/Archives/edgar/data/732712/0001193125-12-021066.txt
2012-01-24,0000732712,2012-01-24,8-K,VERIZON COMMUNICATIONS INC,17388.0,1.0,https://www.sec.gov/Archives/edgar/data/732712/0001193125-12-021963.txt
2012-02-24,0000732712,2012-02-24,10-K,VERIZON COMMUNICATIONS INC,17799660.0,16.0,https://www.sec.gov/Archives/edgar/data/732712/0001193125-12-077846.txt
2012-04-19,0000732712,2012-04-19,8-K,VERIZON COMMUNICATIONS INC,408987.0,3.0,https://www.sec.gov/Archives/edgar/data/732712/0001193125-12-169584.txt
2012-04-26,0000732712,2012-04-26,10-Q,VERIZON COMMUNICATIONS INC,5306189.0,14.0,https://www.sec.gov/Archives/edgar/data/732712/0001193125-12-186263.txt
2012-05-09,0000732712,2012-05-09,8-K,VERIZON COMMUNICATIONS INC,39815.0,1.0,https://www.sec.gov/Archives/edgar/data/732712/0001193125-12-221638.txt
2012-07-18,0000732712,2012-07-18,8-K,VERIZON COMMUNICATIONS INC,34513.0,2.0,https://www.sec.gov/Archives/edgar/data/732712/0001193125-12-306202.txt
2012-07-19,0000732712,2012-07-19,8-K,VERIZON COMMUNICATIONS INC,548225.0,3.0,https://www.sec.gov/Archives/edgar/data/732712/0001193125-12-306829.txt
2012-07-30,0000732712,2012-07-30,10-Q,VERIZON COMMUNICATIONS INC,6147440.0,12.0,https://www.sec.gov/Archives/edgar/data/732712/0001193125-12-322636.txt
2012-10-05,0000732712,2012-10-05,8-K,VERIZON COMMUNICATIONS INC,93818.0,2.0,https://www.sec.gov/Archives/edgar/data/732712/0001193125-12-416803.txt
2012-10-17,0000732712,2012-10-17,8-K,VERIZON COMMUNICATIONS INC,49154.0,3.0,https://www.sec.gov/Archives/edgar/data/732712/0001193125-12-426110.txt
2012-10-18,0000732712,2012-10-18,8-K,VERIZON COMMUNICATIONS INC,558049.0,3.0,https://www.sec.gov/Archives/edgar/data/732712/0001193125-12-426585.txt
2012-10-25,0000732712,2012-10-25,10-Q,VERIZON COMMUNICATIONS INC,6339476.0,12.0,https://www.sec.gov/Archives/edgar/data/732712/0001193125-12-435626.txt
2012-11-02,0000732712,2012-11-02,8-K,VERIZON COMMUNICATIONS INC,17294.0,1.0,https://www.sec.gov/Archives/edgar/data/732712/0001193125-12-448000.txt
2012-11-02,0000732712,2012-11-02,8-K,VERIZON COMMUNICATIONS INC,40144.0,3.0,https://www.sec.gov/Archives/edgar/data/732712/0001193125-12-448098.txt
2012-11-08,0000732712,2012-11-08,8-K,VERIZON COMMUNICATIONS INC,15633.0,1.0,https://www.sec.gov/Archives/edgar/data/732712/0001193125-12-460353.txt
2012-11-13,0000732712,2012-11-13,8-K,VERIZON COMMUNICATIONS INC,13261.0,1.0,https://www.sec.gov/Archives/edgar/data/732712/0001193125-12-466248.txt
2012-12-06,0000732712,2012-12-06,8-K,VERIZON COMMUNICATIONS INC,13344.0,1.0,https://www.sec.gov/Archives/edgar/data/732712/0001193125-12-493313.txt
2012-12-10,0000732712,2012-12-10,8-K,VERIZON COMMUNICATIONS INC,13934.0,1.0,https://www.sec.gov/Archives/edgar/data/732712/0001193125-12-496218.txt
2013-01-07,0000732712,2013-01-07,8-K,VERIZON COMMUNICATIONS INC,17254.0,1.0,https://www.sec.gov/Archives/edgar/data/732712/0001193125-13-005481.txt
2013-01-09,0000732712,2013-01-09,8-K,VERIZON COMMUNICATIONS INC,15249.0,1.0,https://www.sec.gov/Archives/edgar/data/732712/0001193125-13-007359.txt
2013-01-22,0000732712,2013-01-22,8-K,VERIZON COMMUNICATIONS INC,593077.0,3.0,https://www.sec.gov/Archives/edgar/data/732712/0001193125-13-018168.txt
2013-01-25,0000732712,2013-01-25,8-K,VERIZON COMMUNICATIONS INC,47486.0,3.0,https://www.sec.gov/Archives/edgar/data/732712/0001193125-13-023828.txt
2013-02-07,0000732712,2013-02-07,8-K,VERIZON COMMUNICATIONS INC,13514.0,1.0,https://www.sec.gov/Archives/edgar/data/732712/0001193125-13-043053.txt
2013-02-26,0000732712,2013-02-26,10-K,VERIZON COMMUNICATIONS INC,17484669.0,16.0,https://www.sec.gov/Archives/edgar/data/732712/0001193125-13-075713.txt
2013-04-02,0000732712,2013-04-02,8-K,VERIZON COMMUNICATIONS INC,23011.0,2.0,https://www.sec.gov/Archives/edgar/data/732712/0001193125-13-138683.txt
2013-04-18,0000732712,2013-04-18,8-K,VERIZON COMMUNICATIONS INC,424054.0,3.0,https://www.sec.gov/Archives/edgar/data/732712/0001193125-13-159927.txt
2013-04-25,0000732712,2013-04-25,10-Q,VERIZON COMMUNICATIONS INC,5077298.0,14.0,https://www.sec.gov/Archives/edgar/data/732712/0001193125-13-172825.txt
2013-05-07,0000732712,2013-05-07,8-K,VERIZON COMMUNICATIONS INC,41177.0,1.0,https://www.sec.gov/Archives/edgar/data/732712/0001193125-13-204140.txt
2013-05-13,0000732712,2013-05-13,8-K,VERIZON COMMUNICATIONS INC,13902.0,1.0,https://www.sec.gov/Archives/edgar/data/732712/0001193125-13-216802.txt
2013-06-10,0000732712,2013-06-10,8-K,VERIZON COMMUNICATIONS INC,14372.0,1.0,https://www.sec.gov/Archives/edgar/data/732712/0001193125-13-253564.txt
2013-07-18,0000732712,2013-07-18,8-K,VERIZON COMMUNICATIONS INC,556690.0,3.0,https://www.sec.gov/Archives/edgar/data/732712/0001193125-13-293706.txt
2013-07-25,0000732712,2013-07-25,10-Q,VERIZON COMMUNICATIONS INC,8484978.0,12.0,https://www.sec.gov/Archives/edgar/data/732712/0001193125-13-302540.txt
2013-09-03,0000732712,2013-09-03,8-K,VERIZON COMMUNICATIONS INC,1206757.0,7.0,https://www.sec.gov/Archives/edgar/data/732712/0001193125-13-354730.txt
2013-09-16,0000732712,2013-09-16,8-K,VERIZON COMMUNICATIONS INC,554415.0,10.0,https://www.sec.gov/Archives/edgar/data/732712/0001193125-13-367719.txt
2013-10-03,0000732712,2013-10-03,8-K,VERIZON COMMUNICATIONS INC,601947.0,2.0,https://www.sec.gov/Archives/edgar/data/732712/0001193125-13-390031.txt
2013-10-17,0000732712,2013-10-17,8-K,VERIZON COMMUNICATIONS INC,598035.0,3.0,https://www.sec.gov/Archives/edgar/data/732712/0001193125-13-401712.txt
2013-10-24,0000732712,2013-10-24,10-Q,VERIZON COMMUNICATIONS INC,6649027.0,12.0,https://www.sec.gov/Archives/edgar/data/732712/0001193125-13-409932.txt
2013-11-07,0000732712,2013-11-07,8-K,VERIZON COMMUNICATIONS INC,12807.0,1.0,https://www.sec.gov/Archives/edgar/data/732712/0001193125-13-432495.txt
2013-12-10,0000732712,2013-12-10,8-K,VERIZON COMMUNICATIONS INC,1214752.0,6.0,https://www.sec.gov/Archives/edgar/data/732712/0001193125-13-468326.txt
2014-01-06,0000732712,2014-01-06,8-K,VERIZON COMMUNICATIONS INC,42549.0,3.0,https://www.sec.gov/Archives/edgar/data/732712/0001193125-14-002907.txt
2014-01-21,0000732712,2014-01-21,8-K,VERIZON COMMUNICATIONS INC,543909.0,3.0,https://www.sec.gov/Archives/edgar/data/732712/0001193125-14-015206.txt
2014-01-28,0000732712,2014-01-28,8-K,VERIZON COMMUNICATIONS INC,41187.0,3.0,https://www.sec.gov/Archives/edgar/data/732712/0001193125-14-023841.txt
2014-01-30,0000732712,2014-01-30,8-K,VERIZON COMMUNICATIONS INC,21746.0,1.0,https://www.sec.gov/Archives/edgar/data/732712/0001193125-14-027538.txt
2014-01-30,0000732712,2014-01-30,8-K,VERIZON COMMUNICATIONS INC,157284.0,2.0,https://www.sec.gov/Archives/edgar/data/732712/0001193125-14-027627.txt
2014-02-11,0000732712,2014-02-11,8-K,VERIZON COMMUNICATIONS INC,14547.0,1.0,https://www.sec.gov/Archives/edgar/data/732712/0001193125-14-045399.txt
2014-02-12,0000732712,2014-02-12,8-K,VERIZON COMMUNICATIONS INC,153444.0,4.0,https://www.sec.gov/Archives/edgar/data/732712/0001193125-14-047683.txt
2014-02-21,0000732712,2014-02-21,8-K,VERIZON COMMUNICATIONS INC,20217.0,1.0,https://www.sec.gov/Archives/edgar/data/732712/0001193125-14-062161.txt
2014-02-24,0000732712,2014-02-24,8-K,VERIZON COMMUNICATIONS INC,69223.0,3.0,https://www.sec.gov/Archives/edgar/data/732712/0001193125-14-064812.txt
2014-02-27,0000732712,2014-02-27,10-K,VERIZON COMMUNICATIONS INC,18913215.0,33.0,https://www.sec.gov/Archives/edgar/data/732712/0001193125-14-073266.txt
2014-03-07,0000732712,2014-03-07,8-K,VERIZON COMMUNICATIONS INC,29847.0,3.0,https://www.sec.gov/Archives/edgar/data/732712/0001193125-14-089313.txt
2014-03-10,0000732712,2014-03-10,8-K,VERIZON COMMUNICATIONS INC,131395.0,2.0,https://www.sec.gov/Archives/edgar/data/732712/0001193125-14-090333.txt
2014-04-24,0000732712,2014-04-24,8-K,VERIZON COMMUNICATIONS INC,1068549.0,19.0,https://www.sec.gov/Archives/edgar/data/732712/0001193125-14-155844.txt
2014-04-29,0000732712,2014-04-29,10-Q,VERIZON COMMUNICATIONS INC,6246932.0,14.0,https://www.sec.gov/Archives/edgar/data/732712/0001193125-14-166563.txt
2014-05-06,0000732712,2014-05-06,8-K,VERIZON COMMUNICATIONS INC,190735.0,2.0,https://www.sec.gov/Archives/edgar/data/732712/0001193125-14-185125.txt
2014-05-29,0000732712,2014-05-29,8-K,VERIZON COMMUNICATIONS INC,51755.0,3.0,https://www.sec.gov/Archives/edgar/data/732712/0001193125-14-215989.txt
2014-06-02,0000732712,2014-06-02,8-K,VERIZON COMMUNICATIONS INC,37891.0,3.0,https://www.sec.gov/Archives/edgar/data/732712/0001193125-14-221037.txt
2014-06-11,0000732712,2014-06-11,8-K,VERIZON COMMUNICATIONS INC,52629.0,3.0,https://www.sec.gov/Archives/edgar/data/732712/0001193125-14-232922.txt
2014-06-12,0000732712,2014-06-12,8-K,VERIZON COMMUNICATIONS INC,41235.0,3.0,https://www.sec.gov/Archives/edgar/data/732712/0001193125-14-234298.txt
2014-06-26,0000732712,2014-06-26,8-K,VERIZON COMMUNICATIONS INC,40837.0,3.0,https://www.sec.gov/Archives/edgar/data/732712/0001193125-14-250592.txt
2014-07-10,0000732712,2014-07-10,8-K,VERIZON COMMUNICATIONS INC,23930.0,3.0,https://www.sec.gov/Archives/edgar/data/732712/0001193125-14-265453.txt
2014-07-22,0000732712,2014-07-22,8-K,VERIZON COMMUNICATIONS INC,551391.0,3.0,https://www.sec.gov/Archives/edgar/data/732712/0001193125-14-274878.txt
2014-07-24,0000732712,2014-07-24,8-K,VERIZON COMMUNICATIONS INC,81713.0,3.0,https://www.sec.gov/Archives/edgar/data/732712/0001193125-14-278006.txt
2014-07-29,0000732712,2014-07-29,10-Q,VERIZON COMMUNICATIONS INC,7219097.0,13.0,https://www.sec.gov/Archives/edgar/data/732712/0001193125-14-284281.txt
2014-08-05,0000732712,2014-08-05,8-K,VERIZON COMMUNICATIONS INC,71316.0,3.0,https://www.sec.gov/Archives/edgar/data/732712/0001193125-14-295479.txt
2014-08-06,0000732712,2014-08-06,8-K,VERIZON COMMUNICATIONS INC,70667.0,3.0,https://www.sec.gov/Archives/edgar/data/732712/0001193125-14-297133.txt
2014-08-20,0000732712,2014-08-20,8-K,VERIZON COMMUNICATIONS INC,67385.0,3.0,https://www.sec.gov/Archives/edgar/data/732712/0001193125-14-315860.txt
2014-09-11,0000732712,2014-09-11,8-K,VERIZON COMMUNICATIONS INC,59013.0,3.0,https://www.sec.gov/Archives/edgar/data/732712/0001193125-14-339049.txt
2014-10-21,0000732712,2014-10-21,8-K,VERIZON COMMUNICATIONS INC,563620.0,3.0,https://www.sec.gov/Archives/edgar/data/732712/0001193125-14-376904.txt
2014-10-28,0000732712,2014-10-28,10-Q,VERIZON COMMUNICATIONS INC,8358461.0,12.0,https://www.sec.gov/Archives/edgar/data/732712/0001193125-14-384533.txt
2014-11-26,0000732712,2014-11-26,8-K,VERIZON COMMUNICATIONS INC,14528.0,1.0,https://www.sec.gov/Archives/edgar/data/732712/0001193125-14-426091.txt
2014-12-01,0000732712,2014-12-01,8-K,VERIZON COMMUNICATIONS INC,115643.0,3.0,https://www.sec.gov/Archives/edgar/data/732712/0001193125-14-429543.txt
2014-12-08,0000732712,2014-12-08,8-K,VERIZON COMMUNICATIONS INC,29768.0,3.0,https://www.sec.gov/Archives/edgar/data/732712/0001193125-14-436403.txt
2014-12-08,0000732712,2014-12-08,8-K,VERIZON COMMUNICATIONS INC,11363.0,1.0,https://www.sec.gov/Archives/edgar/data/732712/0001193125-14-436511.txt
2015-01-06,0000732712,2015-01-06,8-K,VERIZON COMMUNICATIONS INC,31234.0,3.0,https://www.sec.gov/Archives/edgar/data/732712/0001193125-15-002784.txt
2015-01-14,0000732712,2015-01-14,8-K,VERIZON COMMUNICATIONS INC,11036.0,1.0,https://www.sec.gov/Archives/edgar/data/732712/0001193125-15-010064.txt
2015-01-22,0000732712,2015-01-22,8-K,VERIZON COMMUNICATIONS INC,601322.0,3.0,https://www.sec.gov/Archives/edgar/data/732712/0001193125-15-016804.txt
2015-01-30,0000732712,2015-01-30,8-K,VERIZON COMMUNICATIONS INC,33857.0,3.0,https://www.sec.gov/Archives/edgar/data/732712/0001193125-15-027613.txt
2015-02-05,0000732712,2015-02-05,8-K,VERIZON COMMUNICATIONS INC,384391.0,13.0,https://www.sec.gov/Archives/edgar/data/732712/0001193125-15-035423.txt
2015-02-05,0000732712,2015-02-05,8-K,VERIZON COMMUNICATIONS INC,12083.0,1.0,https://www.sec.gov/Archives/edgar/data/732712/0001193125-15-035447.txt
2015-02-12,0000732712,2015-02-12,8-K,VERIZON COMMUNICATIONS INC,85819.0,3.0,https://www.sec.gov/Archives/edgar/data/732712/0001193125-15-046042.txt
2015-02-18,0000732712,2015-02-18,8-K,VERIZON COMMUNICATIONS INC,13735.0,1.0,https://www.sec.gov/Archives/edgar/data/732712/0001193125-15-051424.txt
2015-02-23,0000732712,2015-02-23,10-K,VERIZON COMMUNICATIONS INC,21557524.0,17.0,https://www.sec.gov/Archives/edgar/data/732712/0001193125-15-057710.txt
2015-02-25,0000732712,2015-02-25,8-K,VERIZON COMMUNICATIONS INC,71114.0,3.0,https://www.sec.gov/Archives/edgar/data/732712/0001193125-15-062745.txt
2015-02-26,0000732712,2015-02-26,8-K,VERIZON COMMUNICATIONS INC,68569.0,3.0,https://www.sec.gov/Archives/edgar/data/732712/0001193125-15-064959.txt
2015-03-12,0000732712,2015-03-12,8-K,VERIZON COMMUNICATIONS INC,63925.0,3.0,https://www.sec.gov/Archives/edgar/data/732712/0001193125-15-088913.txt
2015-04-21,0000732712,2015-04-21,8-K,VERIZON COMMUNICATIONS INC,441148.0,3.0,https://www.sec.gov/Archives/edgar/data/732712/0001193125-15-139081.txt
2015-04-28,0000732712,2015-04-28,10-Q,VERIZON COMMUNICATIONS INC,6685968.0,14.0,https://www.sec.gov/Archives/edgar/data/732712/0001193125-15-151315.txt
2015-05-12,0000732712,2015-05-12,8-K,VERIZON COMMUNICATIONS INC,79265.0,3.0,https://www.sec.gov/Archives/edgar/data/732712/0000909518-15-000149.txt
2015-05-13,0000732712,2015-06-30,8-K,VERIZON COMMUNICATIONS INC,24832.0,1.0,https://www.sec.gov/Archives/edgar/data/732712/0001193125-15-185255.txt
2015-06-08,0000732712,2015-06-08,8-K,VERIZON COMMUNICATIONS INC,179109.0,2.0,https://www.sec.gov/Archives/edgar/data/732712/0001193125-15-215738.txt
2015-07-21,0000732712,2015-07-21,8-K,VERIZON COMMUNICATIONS INC,574712.0,3.0,https://www.sec.gov/Archives/edgar/data/732712/0001193125-15-257586.txt
2015-07-28,0000732712,2015-07-28,10-Q,VERIZON COMMUNICATIONS INC,6048366.0,12.0,https://www.sec.gov/Archives/edgar/data/732712/0001193125-15-265779.txt
2015-09-03,0000732712,2015-09-03,8-K,VERIZON COMMUNICATIONS INC,11588.0,1.0,https://www.sec.gov/Archives/edgar/data/732712/0001193125-15-311636.txt
2015-09-17,0000732712,2015-09-18,8-K,VERIZON COMMUNICATIONS INC,37824.0,3.0,https://www.sec.gov/Archives/edgar/data/732712/0001193125-15-321958.txt
2015-10-20,0000732712,2015-10-20,8-K,VERIZON COMMUNICATIONS INC,582644.0,3.0,https://www.sec.gov/Archives/edgar/data/732712/0001193125-15-347574.txt
2015-10-27,0000732712,2015-10-27,10-Q,VERIZON COMMUNICATIONS INC,6313356.0,12.0,https://www.sec.gov/Archives/edgar/data/732712/0001193125-15-354559.txt
2015-11-05,0000732712,2015-11-05,8-K,VERIZON COMMUNICATIONS INC,11768.0,1.0,https://www.sec.gov/Archives/edgar/data/732712/0001193125-15-367882.txt
2015-12-10,0000732712,2015-12-10,8-K,VERIZON COMMUNICATIONS INC,11544.0,1.0,https://www.sec.gov/Archives/edgar/data/732712/0001193125-15-400066.txt
2016-01-21,0000732712,2016-01-21,8-K,VERIZON COMMUNICATIONS INC,608195.0,3.0,https://www.sec.gov/Archives/edgar/data/732712/0001193125-16-433999.txt
2016-02-23,0000732712,2016-02-23,10-K,VERIZON COMMUNICATIONS INC,16106203.0,139.0,https://www.sec.gov/Archives/edgar/data/732712/0001193125-16-473367.txt
2016-04-01,0000732712,2016-04-01,8-K,VERIZON COMMUNICATIONS INC,32048.0,3.0,https://www.sec.gov/Archives/edgar/data/732712/0001193125-16-527195.txt
2016-04-21,0000732712,2016-04-21,8-K,VERIZON COMMUNICATIONS INC,422150.0,3.0,https://www.sec.gov/Archives/edgar/data/732712/0001193125-16-549165.txt
2016-04-22,0000732712,2016-04-22,8-K,VERIZON COMMUNICATIONS INC,11719.0,1.0,https://www.sec.gov/Archives/edgar/data/732712/0001193125-16-551222.txt
2016-04-28,0000732712,2016-04-28,10-Q,VERIZON COMMUNICATIONS INC,6786028.0,82.0,https://www.sec.gov/Archives/edgar/data/732712/0001193125-16-562197.txt
2016-05-11,0000732712,2016-05-11,8-K,VERIZON COMMUNICATIONS INC,29305.0,1.0,https://www.sec.gov/Archives/edgar/data/732712/0001193125-16-586418.txt
2016-06-08,0000732712,2016-06-08,8-K,VERIZON COMMUNICATIONS INC,18170.0,1.0,https://www.sec.gov/Archives/edgar/data/732712/0001193125-16-616451.txt
2016-06-09,0000732712,2016-06-09,8-K,VERIZON COMMUNICATIONS INC,12555.0,1.0,https://www.sec.gov/Archives/edgar/data/732712/0001193125-16-617604.txt
2016-06-28,0000732712,2016-06-28,8-K,VERIZON COMMUNICATIONS INC,859932.0,6.0,https://www.sec.gov/Archives/edgar/data/732712/0001193125-16-633746.txt
2016-07-25,0000732712,2016-07-25,8-K,VERIZON COMMUNICATIONS INC,53181.0,2.0,https://www.sec.gov/Archives/edgar/data/732712/0000898822-16-000404.txt
2016-07-26,0000732712,2016-07-26,8-K,VERIZON COMMUNICATIONS INC,562616.0,3.0,https://www.sec.gov/Archives/edgar/data/732712/0001193125-16-657235.txt
2016-07-29,0000732712,2016-07-29,10-Q,VERIZON COMMUNICATIONS INC,7526664.0,80.0,https://www.sec.gov/Archives/edgar/data/732712/0001193125-16-664131.txt
2016-07-29,0000732712,2016-07-29,8-K,VERIZON COMMUNICATIONS INC,13934072.0,129.0,https://www.sec.gov/Archives/edgar/data/732712/0001193125-16-664170.txt
2016-08-01,0000732712,2016-08-01,8-K,VERIZON COMMUNICATIONS INC,979524.0,3.0,https://www.sec.gov/Archives/edgar/data/732712/0000903423-16-001181.txt
2016-09-01,0000732712,2016-09-01,8-K,VERIZON COMMUNICATIONS INC,28267.0,3.0,https://www.sec.gov/Archives/edgar/data/732712/0001193125-16-699639.txt
2016-10-20,0000732712,2016-10-20,8-K,VERIZON COMMUNICATIONS INC,569792.0,3.0,https://www.sec.gov/Archives/edgar/data/732712/0001193125-16-742264.txt
2016-10-26,0000732712,2016-10-26,10-Q,VERIZON COMMUNICATIONS INC,7926569.0,80.0,https://www.sec.gov/Archives/edgar/data/732712/0001193125-16-747399.txt
2016-11-02,0000732712,2016-11-02,8-K,VERIZON COMMUNICATIONS INC,203754.0,5.0,https://www.sec.gov/Archives/edgar/data/732712/0001193125-16-756420.txt
2016-11-04,0000732712,2016-11-04,8-K,VERIZON COMMUNICATIONS INC,181784.0,2.0,https://www.sec.gov/Archives/edgar/data/732712/0001193125-16-760123.txt
2016-12-20,0000732712,2016-12-20,8-K,VERIZON COMMUNICATIONS INC,13471.0,1.0,https://www.sec.gov/Archives/edgar/data/732712/0001193125-16-798875.txt
2017-01-24,0000732712,2017-01-24,8-K,VERIZON COMMUNICATIONS INC,441077.0,3.0,https://www.sec.gov/Archives/edgar/data/732712/0001193125-17-015837.txt
2017-01-25,0000732712,2017-01-25,8-K,VERIZON COMMUNICATIONS INC,109125.0,3.0,https://www.sec.gov/Archives/edgar/data/732712/0001193125-17-017660.txt
2017-01-31,0000732712,2017-01-31,8-K,VERIZON COMMUNICATIONS INC,109608.0,3.0,https://www.sec.gov/Archives/edgar/data/732712/0001193125-17-025716.txt
2017-02-01,0000732712,2017-02-01,8-K,VERIZON COMMUNICATIONS INC,63979.0,3.0,https://www.sec.gov/Archives/edgar/data/732712/0001193125-17-027438.txt
2017-02-03,0000732712,2017-02-03,8-K,VERIZON COMMUNICATIONS INC,75154.0,3.0,https://www.sec.gov/Archives/edgar/data/732712/0001193125-17-030264.txt
2017-02-21,0000732712,2017-02-21,8-K,VERIZON COMMUNICATIONS INC,42814.0,2.0,https://www.sec.gov/Archives/edgar/data/732712/0001193125-17-049433.txt
2017-02-21,0000732712,2017-02-21,10-K,VERIZON COMMUNICATIONS INC,16962191.0,135.0,https://www.sec.gov/Archives/edgar/data/732712/0001193125-17-050292.txt
2017-03-03,0000732712,2017-03-03,8-K,VERIZON COMMUNICATIONS INC,29005.0,3.0,https://www.sec.gov/Archives/edgar/data/732712/0001193125-17-069284.txt
2017-03-13,0000732712,2017-03-13,8-K,VERIZON COMMUNICATIONS INC,77956.0,3.0,https://www.sec.gov/Archives/edgar/data/732712/0001193125-17-079674.txt
2017-03-20,0000732712,2017-03-20,8-K,VERIZON COMMUNICATIONS INC,13826.0,1.0,https://www.sec.gov/Archives/edgar/data/732712/0001193125-17-088316.txt
2017-04-11,0000732712,2017-04-11,8-K,VERIZON COMMUNICATIONS INC,248741.0,3.0,https://www.sec.gov/Archives/edgar/data/732712/0001193125-17-119328.txt
2017-04-20,0000732712,2017-04-20,8-K,VERIZON COMMUNICATIONS INC,460108.0,3.0,https://www.sec.gov/Archives/edgar/data/732712/0001193125-17-129739.txt
2017-04-27,0000732712,2017-04-27,10-Q,VERIZON COMMUNICATIONS INC,7539823.0,79.0,https://www.sec.gov/Archives/edgar/data/732712/0001193125-17-141799.txt
2017-05-05,0000732712,2017-05-05,8-K,VERIZON COMMUNICATIONS INC,17818.0,1.0,https://www.sec.gov/Archives/edgar/data/732712/0001193125-17-159835.txt
2017-05-10,0000732712,2017-05-10,8-K,VERIZON COMMUNICATIONS INC,35957.0,1.0,https://www.sec.gov/Archives/edgar/data/732712/0001193125-17-165255.txt
2017-05-11,0000732712,2017-05-11,8-K,VERIZON COMMUNICATIONS INC,32279.0,3.0,https://www.sec.gov/Archives/edgar/data/732712/0001193125-17-167286.txt
2017-05-15,0000732712,2017-05-15,8-K,VERIZON COMMUNICATIONS INC,445390.0,4.0,https://www.sec.gov/Archives/edgar/data/732712/0001193125-17-170246.txt
2017-06-15,0000732712,2017-06-15,8-K,VERIZON COMMUNICATIONS INC,17793.0,1.0,https://www.sec.gov/Archives/edgar/data/732712/0001193125-17-204171.txt
2017-07-27,0000732712,2017-07-27,8-K,VERIZON COMMUNICATIONS INC,427121.0,3.0,https://www.sec.gov/Archives/edgar/data/732712/0001193125-17-237279.txt
2017-08-01,0000732712,2017-08-01,8-K,VERIZON COMMUNICATIONS INC,79811.0,3.0,https://www.sec.gov/Archives/edgar/data/732712/0001193125-17-242694.txt
2017-08-03,0000732712,2017-08-03,10-Q,VERIZON COMMUNICATIONS INC,7552626.0,83.0,https://www.sec.gov/Archives/edgar/data/732712/0001193125-17-247167.txt
2017-08-07,0000732712,2017-08-07,8-K,VERIZON COMMUNICATIONS INC,55124.0,3.0,https://www.sec.gov/Archives/edgar/data/732712/0001193125-17-249633.txt
2017-08-15,0000732712,2017-08-15,8-K,VERIZON COMMUNICATIONS INC,177714.0,5.0,https://www.sec.gov/Archives/edgar/data/732712/0001193125-17-258073.txt
2017-10-03,0000732712,2017-10-03,8-K,VERIZON COMMUNICATIONS INC,41755.0,2.0,https://www.sec.gov/Archives/edgar/data/732712/0000732712-17-000003.txt
2017-10-04,0000732712,2017-10-04,8-K,VERIZON COMMUNICATIONS INC,13429.0,1.0,https://www.sec.gov/Archives/edgar/data/732712/0001193125-17-303383.txt
2017-10-16,0000732712,2017-10-16,8-K,VERIZON COMMUNICATIONS INC,46524.0,3.0,https://www.sec.gov/Archives/edgar/data/732712/0001193125-17-310470.txt
2017-10-19,0000732712,2017-10-19,8-K,VERIZON COMMUNICATIONS INC,1017262.0,3.0,https://www.sec.gov/Archives/edgar/data/732712/0000732712-17-000006.txt
2017-10-26,0000732712,2017-10-26,10-Q,VERIZON COMMUNICATIONS INC,10094036.0,81.0,https://www.sec.gov/Archives/edgar/data/732712/0000732712-17-000009.txt
2017-10-27,0000732712,2017-10-27,8-K,VERIZON COMMUNICATIONS INC,191689.0,5.0,https://www.sec.gov/Archives/edgar/data/732712/0001193125-17-322757.txt
2017-11-16,0000732712,2017-11-16,8-K,VERIZON COMMUNICATIONS INC,81892.0,3.0,https://www.sec.gov/Archives/edgar/data/732712/0001193125-17-344714.txt
2017-11-29,0000732712,2017-11-29,8-K,VERIZON COMMUNICATIONS INC,1796876.0,20.0,https://www.sec.gov/Archives/edgar/data/732712/0000732712-17-000011.txt
2017-11-30,0000732712,2017-11-30,8-K,VERIZON COMMUNICATIONS INC,63658.0,3.0,https://www.sec.gov/Archives/edgar/data/732712/0001193125-17-356653.txt
2017-12-14,0000732712,2017-12-14,8-K,VERIZON COMMUNICATIONS INC,78853.0,3.0,https://www.sec.gov/Archives/edgar/data/732712/0001193125-17-368890.txt
2018-01-17,0000732712,2018-01-17,8-K,VERIZON COMMUNICATIONS INC,44571.0,1.0,https://www.sec.gov/Archives/edgar/data/732712/0000732712-18-000002.txt
2018-01-23,0000732712,2018-01-23,8-K,VERIZON COMMUNICATIONS INC,1121596.0,3.0,https://www.sec.gov/Archives/edgar/data/732712/0000732712-18-000005.txt
2018-02-23,0000732712,2018-02-23,10-K,VERIZON COMMUNICATIONS INC,22412718.0,149.0,https://www.sec.gov/Archives/edgar/data/732712/0000732712-18-000009.txt
2018-03-07,0000732712,2018-03-07,8-K,VERIZON COMMUNICATIONS INC,15613.0,1.0,https://www.sec.gov/Archives/edgar/data/732712/0001193125-18-073362.txt
2018-04-24,0000732712,2018-04-24,8-K,VERIZON COMMUNICATIONS INC,1062926.0,3.0,https://www.sec.gov/Archives/edgar/data/732712/0000732712-18-000015.txt
2018-05-01,0000732712,2018-05-01,10-Q,VERIZON COMMUNICATIONS INC,10211763.0,91.0,https://www.sec.gov/Archives/edgar/data/732712/0000732712-18-000022.txt
2018-05-01,0000732712,2018-05-01,8-K,VERIZON COMMUNICATIONS INC,21519663.0,137.0,https://www.sec.gov/Archives/edgar/data/732712/0000732712-18-000024.txt
2018-05-08,0000732712,2018-05-08,8-K,VERIZON COMMUNICATIONS INC,31408.0,1.0,https://www.sec.gov/Archives/edgar/data/732712/0001193125-18-155421.txt
2018-06-08,0000732712,2018-06-08,8-K,VERIZON COMMUNICATIONS INC,22403.0,1.0,https://www.sec.gov/Archives/edgar/data/732712/0001193125-18-187324.txt
2018-06-11,0000732712,2018-06-11,8-K,VERIZON COMMUNICATIONS INC,110372.0,3.0,https://www.sec.gov/Archives/edgar/data/732712/0001193125-18-189002.txt
2018-06-15,0000732712,2018-06-15,8-K,VERIZON COMMUNICATIONS INC,96255.0,4.0,https://www.sec.gov/Archives/edgar/data/732712/0001193125-18-194627.txt
2018-07-24,0000732712,2018-07-24,8-K,VERIZON COMMUNICATIONS INC,1501731.0,3.0,https://www.sec.gov/Archives/edgar/data/732712/0000732712-18-000040.txt
2018-07-31,0000732712,2018-07-31,10-Q,VERIZON COMMUNICATIONS INC,11929488.0,86.0,https://www.sec.gov/Archives/edgar/data/732712/0000732712-18-000044.txt
2018-09-06,0000732712,2018-09-06,8-K,VERIZON COMMUNICATIONS INC,15065.0,1.0,https://www.sec.gov/Archives/edgar/data/732712/0001193125-18-268028.txt
